image_id,filename,animal_id,species,symptoms,animal_stage,location_region,image_quality,target_class,expert_label,risk_level,source_type,consent_status,anonymization_status,created_at,split
IMG-C7E12ECBD322,IMG-C7E12ECBD322.jpg,ANON-ANIMAL-5FECEB66,Cattle,none,Adult,Eastern Basin,GOOD,Normal/Healthy,Healthy - No Action Needed,LOW,PROJECT_SYNTHESIS_STANDIN,EXEMPT_NON_HUMAN_ANIMAL_STUDY,STRICT_ANONYMIZED_NO_PII,2026-09-30T04:26:34.632672+00:00,validation
IMG-15726CE330AE,IMG-15726CE330AE.jpg,ANON-ANIMAL-6B86B273,Cattle,none,Adult,Northern Valley,ACCEPTABLE,Normal/Healthy,Healthy - No Action Needed,LOW,PROJECT_SYNTHESIS_STANDIN,EXEMPT_NON_HUMAN_ANIMAL_STUDY,STRICT_ANONYMIZED_NO_PII,2026-09-30T04:26:34.648020+00:00,test
IMG-8F4568E939E9,IMG-8F4568E939E9.jpg,ANON-ANIMAL-D4735E3A,Buffalo,fever; nasal discharge; skin changes; swelling,Adult,Highland Pasture,GOOD,Requires Expert Review,Suspected Acute Infectious Condition - Immediate Review,HIGH,PROJECT_SYNTHESIS_STANDIN,EXEMPT_NON_HUMAN_ANIMAL_STUDY,STRICT_ANONYMIZED_NO_PII,2026-09-30T04:26:34.662756+00:00,validation
IMG-28FA7415E150,IMG-28FA7415E150.jpg,ANON-ANIMAL-4E074085,Buffalo,none,Calf/Kid,Southern Plains,GOOD,Normal/Healthy,Healthy - No Action Needed,LOW,PROJECT_SYNTHESIS_STANDIN,EXEMPT_NON_HUMAN_ANIMAL_STUDY,STRICT_ANONYMIZED_NO_PII,2026-09-30T04:26:34.678514+00:00,train
IMG-3C2771C37B98,IMG-3C2771C37B98.jpg,ANON-ANIMAL-4B227777,Goat,coughing; reduced appetite,Senior,Eastern Basin,GOOD,Mild Distress,Mild Respiratory Distress,MEDIUM,PROJECT_SYNTHESIS_STANDIN,EXEMPT_NON_HUMAN_ANIMAL_STUDY,STRICT_ANONYMIZED_NO_PII,2026-09-30T04:26:34.694287+00:00,train
IMG-A0413100CF7D,IMG-A0413100CF7D.jpg,ANON-ANIMAL-EF2D127D,Goat,coughing; reduced appetite,Young,Northern Valley,GOOD,Mild Distress,Mild Respiratory Distress,MEDIUM,PROJECT_SYNTHESIS_STANDIN,EXEMPT_NON_HUMAN_ANIMAL_STUDY,STRICT_ANONYMIZED_NO_PII,2026-09-30T04:26:34.723842+00:00,validation
IMG-34A6387BF63D,IMG-34A6387BF63D.jpg,ANON-ANIMAL-E7F6C011,Sheep,fever; nasal discharge; skin changes; swelling,Young,Eastern Basin,ACCEPTABLE,Requires Expert Review,Suspected Acute Infectious Condition - Immediate Review,HIGH,PROJECT_SYNTHESIS_STANDIN,EXEMPT_NON_HUMAN_ANIMAL_STUDY,STRICT_ANONYMIZED_NO_PII,2026-09-30T04:26:34.746975+00:00,validation
IMG-4815B193CA41,IMG-4815B193CA41.jpg,ANON-ANIMAL-7902699B,Cattle,coughing; reduced appetite,Calf/Kid,Western Range,GOOD,Mild Distress,Mild Respiratory Distress,MEDIUM,PROJECT_SYNTHESIS_STANDIN,EXEMPT_NON_HUMAN_ANIMAL_STUDY,STRICT_ANONYMIZED_NO_PII,2026-09-30T04:26:34.767460+00:00,test
IMG-380BE47B59A5,IMG-380BE47B59A5.jpg,ANON-ANIMAL-2C624232,Buffalo,fever; nasal discharge; skin changes; swelling,Senior,Eastern Basin,GOOD,Requires Expert Review,Suspected Acute Infectious Condition - Immediate Review,HIGH,PROJECT_SYNTHESIS_STANDIN,EXEMPT_NON_HUMAN_ANIMAL_STUDY,STRICT_ANONYMIZED_NO_PII,2026-09-30T04:26:34.784054+00:00,test
IMG-C2FB1E8C7D9F,IMG-C2FB1E8C7D9F.jpg,ANON-ANIMAL-19581E27,Buffalo,coughing; reduced appetite,Calf/Kid,Eastern Basin,GOOD,Mild Distress,Mild Respiratory Distress,MEDIUM,PROJECT_SYNTHESIS_STANDIN,EXEMPT_NON_HUMAN_ANIMAL_STUDY,STRICT_ANONYMIZED_NO_PII,2026-09-30T04:26:34.800644+00:00,train
IMG-9F2177B3636F,IMG-9F2177B3636F.jpg,ANON-ANIMAL-4A44DC15,Buffalo,none,Calf/Kid,Western Range,GOOD,Normal/Healthy,Healthy - No Action Needed,LOW,PROJECT_SYNTHESIS_STANDIN,EXEMPT_NON_HUMAN_ANIMAL_STUDY,STRICT_ANONYMIZED_NO_PII,2026-09-30T04:26:34.816252+00:00,train
IMG-D6B511506EDB,IMG-D6B511506EDB.jpg,ANON-ANIMAL-4FC82B26,Cattle,fever; nasal discharge; skin changes; swelling,Young,Southern Plains,GOOD,Requires Expert Review,Suspected Acute Infectious Condition - Immediate Review,HIGH,PROJECT_SYNTHESIS_STANDIN,EXEMPT_NON_HUMAN_ANIMAL_STUDY,STRICT_ANONYMIZED_NO_PII,2026-09-30T04:26:34.831634+00:00,train
IMG-9F019BE348FB,IMG-9F019BE348FB.jpg,ANON-ANIMAL-6B51D431,Sheep,none,Young,Southern Plains,GOOD,Normal/Healthy,Healthy - No Action Needed,LOW,PROJECT_SYNTHESIS_STANDIN,EXEMPT_NON_HUMAN_ANIMAL_STUDY,STRICT_ANONYMIZED_NO_PII,2026-09-30T04:26:34.852262+00:00,train
IMG-163458ACC01B,IMG-163458ACC01B.jpg,ANON-ANIMAL-3FDBA35F,Sheep,coughing; reduced appetite,Young,Western Range,GOOD,Mild Distress,Mild Respiratory Distress,MEDIUM,PROJECT_SYNTHESIS_STANDIN,EXEMPT_NON_HUMAN_ANIMAL_STUDY,STRICT_ANONYMIZED_NO_PII,2026-09-30T04:26:34.868687+00:00,train
IMG-B34399130D31,IMG-B34399130D31.jpg,ANON-ANIMAL-8527A891,Cattle,fever; nasal discharge; skin changes; swelling,Senior,Eastern Basin,GOOD,Requires Expert Review,Suspected Acute Infectious Condition - Immediate Review,HIGH,PROJECT_SYNTHESIS_STANDIN,EXEMPT_NON_HUMAN_ANIMAL_STUDY,STRICT_ANONYMIZED_NO_PII,2026-09-30T04:26:34.888444+00:00,test
IMG-6B605E44A038,IMG-6B605E44A038.jpg,ANON-ANIMAL-E629FA65,Cattle,fever; nasal discharge; skin changes; swelling,Young,Southern Plains,POOR,Requires Expert Review,Suspected Acute Infectious Condition - Immediate Review,HIGH,PROJECT_SYNTHESIS_STANDIN,EXEMPT_NON_HUMAN_ANIMAL_STUDY,STRICT_ANONYMIZED_NO_PII,2026-09-30T04:26:34.911117+00:00,test
IMG-62D6D109ADE4,IMG-62D6D109ADE4.jpg,ANON-ANIMAL-B17EF6D1,Sheep,none,Adult,Highland Pasture,GOOD,Normal/Healthy,Healthy - No Action Needed,LOW,PROJECT_SYNTHESIS_STANDIN,EXEMPT_NON_HUMAN_ANIMAL_STUDY,STRICT_ANONYMIZED_NO_PII,2026-09-30T04:26:34.925467+00:00,train
IMG-E8E433B505F8,IMG-E8E433B505F8.jpg,ANON-ANIMAL-4523540F,Sheep,fever; nasal discharge; skin changes; swelling,Young,Highland Pasture,GOOD,Requires Expert Review,Suspected Acute Infectious Condition - Immediate Review,HIGH,PROJECT_SYNTHESIS_STANDIN,EXEMPT_NON_HUMAN_ANIMAL_STUDY,STRICT_ANONYMIZED_NO_PII,2026-09-30T04:26:34.943323+00:00,test
IMG-F4885F07E296,IMG-F4885F07E296.jpg,ANON-ANIMAL-4EC9599F,Buffalo,coughing; reduced appetite,Senior,Eastern Basin,GOOD,Mild Distress,Mild Respiratory Distress,MEDIUM,PROJECT_SYNTHESIS_STANDIN,EXEMPT_NON_HUMAN_ANIMAL_STUDY,STRICT_ANONYMIZED_NO_PII,2026-09-30T04:26:34.958102+00:00,train
IMG-16B21DA5A4C7,IMG-16B21DA5A4C7.jpg,ANON-ANIMAL-9400F1B2,Goat,coughing; reduced appetite,Calf/Kid,Southern Plains,GOOD,Mild Distress,Mild Respiratory Distress,MEDIUM,PROJECT_SYNTHESIS_STANDIN,EXEMPT_NON_HUMAN_ANIMAL_STUDY,STRICT_ANONYMIZED_NO_PII,2026-09-30T04:26:34.974009+00:00,train
IMG-27B3C54EB7A0,IMG-27B3C54EB7A0.jpg,ANON-ANIMAL-F5CA38F7,Goat,fever; nasal discharge; skin changes; swelling,Adult,Eastern Basin,GOOD,Requires Expert Review,Suspected Acute Infectious Condition - Immediate Review,HIGH,PROJECT_SYNTHESIS_STANDIN,EXEMPT_NON_HUMAN_ANIMAL_STUDY,STRICT_ANONYMIZED_NO_PII,2026-09-30T04:26:34.990946+00:00,train
IMG-EEA6122244F6,IMG-EEA6122244F6.jpg,ANON-ANIMAL-6F4B6612,Cattle,coughing; reduced appetite,Adult,Southern Plains,GOOD,Mild Distress,Mild Respiratory Distress,MEDIUM,PROJECT_SYNTHESIS_STANDIN,EXEMPT_NON_HUMAN_ANIMAL_STUDY,STRICT_ANONYMIZED_NO_PII,2026-09-30T04:26:35.011302+00:00,train
IMG-D9AC992C7E60,IMG-D9AC992C7E60.jpg,ANON-ANIMAL-785F3EC7,Goat,coughing; reduced appetite,Senior,Western Range,GOOD,Mild Distress,Mild Respiratory Distress,MEDIUM,PROJECT_SYNTHESIS_STANDIN,EXEMPT_NON_HUMAN_ANIMAL_STUDY,STRICT_ANONYMIZED_NO_PII,2026-09-30T04:26:35.030904+00:00,train
IMG-B46F32F787CA,IMG-B46F32F787CA.jpg,ANON-ANIMAL-535FA30D,Goat,coughing; reduced appetite,Senior,Southern Plains,ACCEPTABLE,Mild Distress,Mild Respiratory Distress,MEDIUM,PROJECT_SYNTHESIS_STANDIN,EXEMPT_NON_HUMAN_ANIMAL_STUDY,STRICT_ANONYMIZED_NO_PII,2026-09-30T04:26:35.049386+00:00,train
IMG-0DC4D6201612,IMG-0DC4D6201612.jpg,ANON-ANIMAL-C2356069,Cattle,coughing; reduced appetite,Adult,Southern Plains,POOR,Mild Distress,Mild Respiratory Distress,MEDIUM,PROJECT_SYNTHESIS_STANDIN,EXEMPT_NON_HUMAN_ANIMAL_STUDY,STRICT_ANONYMIZED_NO_PII,2026-09-30T04:26:35.073761+00:00,train
IMG-7ABE8A8EA09B,IMG-7ABE8A8EA09B.jpg,ANON-ANIMAL-B7A56873,Goat,none,Young,Northern Valley,GOOD,Normal/Healthy,Healthy - No Action Needed,LOW,PROJECT_SYNTHESIS_STANDIN,EXEMPT_NON_HUMAN_ANIMAL_STUDY,STRICT_ANONYMIZED_NO_PII,2026-09-30T04:26:35.088991+00:00,train
IMG-4CAB2339AB11,IMG-4CAB2339AB11.jpg,ANON-ANIMAL-5F9C4AB0,Goat,fever; nasal discharge; skin changes; swelling,Senior,Highland Pasture,ACCEPTABLE,Requires Expert Review,Suspected Acute Infectious Condition - Immediate Review,HIGH,PROJECT_SYNTHESIS_STANDIN,EXEMPT_NON_HUMAN_ANIMAL_STUDY,STRICT_ANONYMIZED_NO_PII,2026-09-30T04:26:35.106135+00:00,train
IMG-813C8C0F2E4D,IMG-813C8C0F2E4D.jpg,ANON-ANIMAL-670671CD,Cattle,fever; nasal discharge; skin changes; swelling,Senior,Highland Pasture,ACCEPTABLE,Requires Expert Review,Suspected Acute Infectious Condition - Immediate Review,HIGH,PROJECT_SYNTHESIS_STANDIN,EXEMPT_NON_HUMAN_ANIMAL_STUDY,STRICT_ANONYMIZED_NO_PII,2026-09-30T04:26:35.120110+00:00,validation
IMG-604B46C98067,IMG-604B46C98067.jpg,ANON-ANIMAL-59E19706,Sheep,none,Young,Northern Valley,GOOD,Normal/Healthy,Healthy - No Action Needed,LOW,PROJECT_SYNTHESIS_STANDIN,EXEMPT_NON_HUMAN_ANIMAL_STUDY,STRICT_ANONYMIZED_NO_PII,2026-09-30T04:26:35.135476+00:00,train
IMG-01EF3794DC8F,IMG-01EF3794DC8F.jpg,ANON-ANIMAL-35135AAA,Cattle,none,Calf/Kid,Southern Plains,GOOD,Normal/Healthy,Healthy - No Action Needed,LOW,PROJECT_SYNTHESIS_STANDIN,EXEMPT_NON_HUMAN_ANIMAL_STUDY,STRICT_ANONYMIZED_NO_PII,2026-09-30T04:26:35.153786+00:00,train
IMG-1AF5B5586E23,IMG-1AF5B5586E23.jpg,ANON-ANIMAL-624B60C5,Goat,coughing; reduced appetite,Calf/Kid,Highland Pasture,GOOD,Mild Distress,Mild Respiratory Distress,MEDIUM,PROJECT_SYNTHESIS_STANDIN,EXEMPT_NON_HUMAN_ANIMAL_STUDY,STRICT_ANONYMIZED_NO_PII,2026-09-30T04:26:35.172031+00:00,train
IMG-7BF3BA371885,IMG-7BF3BA371885.jpg,ANON-ANIMAL-EB1E33E8,Buffalo,coughing; reduced appetite,Adult,Eastern Basin,ACCEPTABLE,Mild Distress,Mild Respiratory Distress,MEDIUM,PROJECT_SYNTHESIS_STANDIN,EXEMPT_NON_HUMAN_ANIMAL_STUDY,STRICT_ANONYMIZED_NO_PII,2026-09-30T04:26:35.200467+00:00,train
IMG-76CE83697D73,IMG-76CE83697D73.jpg,ANON-ANIMAL-E29C9C18,Goat,none,Calf/Kid,Eastern Basin,GOOD,Normal/Healthy,Healthy - No Action Needed,LOW,PROJECT_SYNTHESIS_STANDIN,EXEMPT_NON_HUMAN_ANIMAL_STUDY,STRICT_ANONYMIZED_NO_PII,2026-09-30T04:26:35.216355+00:00,train
IMG-C83F6D14F037,IMG-C83F6D14F037.jpg,ANON-ANIMAL-C6F3AC57,Goat,coughing; reduced appetite,Young,Highland Pasture,POOR,Mild Distress,Mild Respiratory Distress,MEDIUM,PROJECT_SYNTHESIS_STANDIN,EXEMPT_NON_HUMAN_ANIMAL_STUDY,STRICT_ANONYMIZED_NO_PII,2026-09-30T04:26:35.239843+00:00,train
IMG-29E9AB9DBD96,IMG-29E9AB9DBD96.jpg,ANON-ANIMAL-86E50149,Sheep,none,Senior,Highland Pasture,GOOD,Normal/Healthy,Healthy - No Action Needed,LOW,PROJECT_SYNTHESIS_STANDIN,EXEMPT_NON_HUMAN_ANIMAL_STUDY,STRICT_ANONYMIZED_NO_PII,2026-09-30T04:26:35.258219+00:00,train
IMG-9F706C9EC9D6,IMG-9F706C9EC9D6.jpg,ANON-ANIMAL-9F14025A,Buffalo,coughing; reduced appetite,Senior,Eastern Basin,ACCEPTABLE,Mild Distress,Mild Respiratory Distress,MEDIUM,PROJECT_SYNTHESIS_STANDIN,EXEMPT_NON_HUMAN_ANIMAL_STUDY,STRICT_ANONYMIZED_NO_PII,2026-09-30T04:26:35.274980+00:00,train
IMG-3229D7CBC128,IMG-3229D7CBC128.jpg,ANON-ANIMAL-76A50887,Sheep,none,Adult,Eastern Basin,GOOD,Normal/Healthy,Healthy - No Action Needed,LOW,PROJECT_SYNTHESIS_STANDIN,EXEMPT_NON_HUMAN_ANIMAL_STUDY,STRICT_ANONYMIZED_NO_PII,2026-09-30T04:26:35.294720+00:00,train
IMG-112F7338B366,IMG-112F7338B366.jpg,ANON-ANIMAL-7A61B537,Sheep,none,Senior,Southern Plains,GOOD,Normal/Healthy,Healthy - No Action Needed,LOW,PROJECT_SYNTHESIS_STANDIN,EXEMPT_NON_HUMAN_ANIMAL_STUDY,STRICT_ANONYMIZED_NO_PII,2026-09-30T04:26:35.312079+00:00,train
IMG-88A25EC109DD,IMG-88A25EC109DD.jpg,ANON-ANIMAL-AEA92132,Sheep,coughing; reduced appetite,Senior,Highland Pasture,ACCEPTABLE,Mild Distress,Mild Respiratory Distress,MEDIUM,PROJECT_SYNTHESIS_STANDIN,EXEMPT_NON_HUMAN_ANIMAL_STUDY,STRICT_ANONYMIZED_NO_PII,2026-09-30T04:26:35.329575+00:00,validation
IMG-00A611856420,IMG-00A611856420.jpg,ANON-ANIMAL-0B918943,Goat,fever; nasal discharge; skin changes; swelling,Young,Northern Valley,GOOD,Requires Expert Review,Suspected Acute Infectious Condition - Immediate Review,HIGH,PROJECT_SYNTHESIS_STANDIN,EXEMPT_NON_HUMAN_ANIMAL_STUDY,STRICT_ANONYMIZED_NO_PII,2026-09-30T04:26:35.349058+00:00,train
IMG-18733BA54B66,IMG-18733BA54B66.jpg,ANON-ANIMAL-5FECEB66,Sheep,fever; nasal discharge; skin changes; swelling,Senior,Southern Plains,GOOD,Requires Expert Review,Suspected Acute Infectious Condition - Immediate Review,HIGH,PROJECT_SYNTHESIS_STANDIN,EXEMPT_NON_HUMAN_ANIMAL_STUDY,STRICT_ANONYMIZED_NO_PII,2026-09-30T04:26:35.365461+00:00,validation
IMG-EFD3EB5969C4,IMG-EFD3EB5969C4.jpg,ANON-ANIMAL-6B86B273,Goat,coughing; reduced appetite,Senior,Highland Pasture,GOOD,Mild Distress,Mild Respiratory Distress,MEDIUM,PROJECT_SYNTHESIS_STANDIN,EXEMPT_NON_HUMAN_ANIMAL_STUDY,STRICT_ANONYMIZED_NO_PII,2026-09-30T04:26:35.381022+00:00,test
IMG-98B9AA9B4E15,IMG-98B9AA9B4E15.jpg,ANON-ANIMAL-D4735E3A,Sheep,fever; nasal discharge; skin changes; swelling,Senior,Western Range,GOOD,Requires Expert Review,Suspected Acute Infectious Condition - Immediate Review,HIGH,PROJECT_SYNTHESIS_STANDIN,EXEMPT_NON_HUMAN_ANIMAL_STUDY,STRICT_ANONYMIZED_NO_PII,2026-09-30T04:26:35.399253+00:00,validation
IMG-FA75FBE97995,IMG-FA75FBE97995.jpg,ANON-ANIMAL-4E074085,Cattle,fever; nasal discharge; skin changes; swelling,Calf/Kid,Western Range,ACCEPTABLE,Requires Expert Review,Suspected Acute Infectious Condition - Immediate Review,HIGH,PROJECT_SYNTHESIS_STANDIN,EXEMPT_NON_HUMAN_ANIMAL_STUDY,STRICT_ANONYMIZED_NO_PII,2026-09-30T04:26:35.415831+00:00,train
IMG-8737EBF840D3,IMG-8737EBF840D3.jpg,ANON-ANIMAL-4B227777,Buffalo,fever; nasal discharge; skin changes; swelling,Calf/Kid,Northern Valley,GOOD,Requires Expert Review,Suspected Acute Infectious Condition - Immediate Review,HIGH,PROJECT_SYNTHESIS_STANDIN,EXEMPT_NON_HUMAN_ANIMAL_STUDY,STRICT_ANONYMIZED_NO_PII,2026-09-30T04:26:35.434730+00:00,train
IMG-693A0EAC49EE,IMG-693A0EAC49EE.jpg,ANON-ANIMAL-EF2D127D,Sheep,fever; nasal discharge; skin changes; swelling,Adult,Southern Plains,ACCEPTABLE,Requires Expert Review,Suspected Acute Infectious Condition - Immediate Review,HIGH,PROJECT_SYNTHESIS_STANDIN,EXEMPT_NON_HUMAN_ANIMAL_STUDY,STRICT_ANONYMIZED_NO_PII,2026-09-30T04:26:35.452508+00:00,validation
IMG-CCBCB151B72F,IMG-CCBCB151B72F.jpg,ANON-ANIMAL-E7F6C011,Buffalo,none,Senior,Northern Valley,ACCEPTABLE,Normal/Healthy,Healthy - No Action Needed,LOW,PROJECT_SYNTHESIS_STANDIN,EXEMPT_NON_HUMAN_ANIMAL_STUDY,STRICT_ANONYMIZED_NO_PII,2026-09-30T04:26:35.469641+00:00,validation
IMG-767AE45DD47E,IMG-767AE45DD47E.jpg,ANON-ANIMAL-7902699B,Sheep,coughing; reduced appetite,Calf/Kid,Northern Valley,POOR,Mild Distress,Mild Respiratory Distress,MEDIUM,PROJECT_SYNTHESIS_STANDIN,EXEMPT_NON_HUMAN_ANIMAL_STUDY,STRICT_ANONYMIZED_NO_PII,2026-09-30T04:26:35.495608+00:00,test
IMG-F1974BD677FF,IMG-F1974BD677FF.jpg,ANON-ANIMAL-2C624232,Goat,none,Senior,Western Range,GOOD,Normal/Healthy,Healthy - No Action Needed,LOW,PROJECT_SYNTHESIS_STANDIN,EXEMPT_NON_HUMAN_ANIMAL_STUDY,STRICT_ANONYMIZED_NO_PII,2026-09-30T04:26:35.514858+00:00,test
IMG-AB346BAF2859,IMG-AB346BAF2859.jpg,ANON-ANIMAL-19581E27,Sheep,none,Adult,Western Range,ACCEPTABLE,Normal/Healthy,Healthy - No Action Needed,LOW,PROJECT_SYNTHESIS_STANDIN,EXEMPT_NON_HUMAN_ANIMAL_STUDY,STRICT_ANONYMIZED_NO_PII,2026-09-30T04:26:35.532248+00:00,train
IMG-84C8482CB354,IMG-84C8482CB354.jpg,ANON-ANIMAL-4A44DC15,Sheep,fever; nasal discharge; skin changes; swelling,Calf/Kid,Northern Valley,GOOD,Requires Expert Review,Suspected Acute Infectious Condition - Immediate Review,HIGH,PROJECT_SYNTHESIS_STANDIN,EXEMPT_NON_HUMAN_ANIMAL_STUDY,STRICT_ANONYMIZED_NO_PII,2026-09-30T04:26:35.548590+00:00,train
IMG-BE892AB6552C,IMG-BE892AB6552C.jpg,ANON-ANIMAL-4FC82B26,Cattle,coughing; reduced appetite,Adult,Southern Plains,GOOD,Mild Distress,Mild Respiratory Distress,MEDIUM,PROJECT_SYNTHESIS_STANDIN,EXEMPT_NON_HUMAN_ANIMAL_STUDY,STRICT_ANONYMIZED_NO_PII,2026-09-30T04:26:35.565642+00:00,train
IMG-E018008D69A3,IMG-E018008D69A3.jpg,ANON-ANIMAL-6B51D431,Cattle,none,Young,Western Range,POOR,Normal/Healthy,Healthy - No Action Needed,LOW,PROJECT_SYNTHESIS_STANDIN,EXEMPT_NON_HUMAN_ANIMAL_STUDY,STRICT_ANONYMIZED_NO_PII,2026-09-30T04:26:35.591230+00:00,train
IMG-5F18BF0CF77D,IMG-5F18BF0CF77D.jpg,ANON-ANIMAL-3FDBA35F,Cattle,coughing; reduced appetite,Young,Highland Pasture,GOOD,Mild Distress,Mild Respiratory Distress,MEDIUM,PROJECT_SYNTHESIS_STANDIN,EXEMPT_NON_HUMAN_ANIMAL_STUDY,STRICT_ANONYMIZED_NO_PII,2026-09-30T04:26:35.609301+00:00,train
IMG-84A86A9B461D,IMG-84A86A9B461D.jpg,ANON-ANIMAL-8527A891,Sheep,fever; nasal discharge; skin changes; swelling,Adult,Western Range,GOOD,Requires Expert Review,Suspected Acute Infectious Condition - Immediate Review,HIGH,PROJECT_SYNTHESIS_STANDIN,EXEMPT_NON_HUMAN_ANIMAL_STUDY,STRICT_ANONYMIZED_NO_PII,2026-09-30T04:26:35.640578+00:00,test
IMG-E89CE1225BEB,IMG-E89CE1225BEB.jpg,ANON-ANIMAL-E629FA65,Sheep,none,Senior,Highland Pasture,POOR,Normal/Healthy,Healthy - No Action Needed,LOW,PROJECT_SYNTHESIS_STANDIN,EXEMPT_NON_HUMAN_ANIMAL_STUDY,STRICT_ANONYMIZED_NO_PII,2026-09-30T04:26:35.664176+00:00,test
IMG-5E34071EF27F,IMG-5E34071EF27F.jpg,ANON-ANIMAL-B17EF6D1,Goat,coughing; reduced appetite,Adult,Highland Pasture,GOOD,Mild Distress,Mild Respiratory Distress,MEDIUM,PROJECT_SYNTHESIS_STANDIN,EXEMPT_NON_HUMAN_ANIMAL_STUDY,STRICT_ANONYMIZED_NO_PII,2026-09-30T04:26:35.681549+00:00,train
IMG-4709D2DDA672,IMG-4709D2DDA672.jpg,ANON-ANIMAL-4523540F,Buffalo,coughing; reduced appetite,Senior,Northern Valley,GOOD,Mild Distress,Mild Respiratory Distress,MEDIUM,PROJECT_SYNTHESIS_STANDIN,EXEMPT_NON_HUMAN_ANIMAL_STUDY,STRICT_ANONYMIZED_NO_PII,2026-09-30T04:26:35.704561+00:00,test
IMG-6212D54998EC,IMG-6212D54998EC.jpg,ANON-ANIMAL-4EC9599F,Cattle,coughing; reduced appetite,Young,Southern Plains,POOR,Mild Distress,Mild Respiratory Distress,MEDIUM,PROJECT_SYNTHESIS_STANDIN,EXEMPT_NON_HUMAN_ANIMAL_STUDY,STRICT_ANONYMIZED_NO_PII,2026-09-30T04:26:35.732125+00:00,train
IMG-5428C9807EDF,IMG-5428C9807EDF.jpg,ANON-ANIMAL-9400F1B2,Buffalo,fever; nasal discharge; skin changes; swelling,Senior,Highland Pasture,ACCEPTABLE,Requires Expert Review,Suspected Acute Infectious Condition - Immediate Review,HIGH,PROJECT_SYNTHESIS_STANDIN,EXEMPT_NON_HUMAN_ANIMAL_STUDY,STRICT_ANONYMIZED_NO_PII,2026-09-30T04:26:35.751919+00:00,train
IMG-907C6A9157BA,IMG-907C6A9157BA.jpg,ANON-ANIMAL-F5CA38F7,Buffalo,none,Calf/Kid,Highland Pasture,GOOD,Normal/Healthy,Healthy - No Action Needed,LOW,PROJECT_SYNTHESIS_STANDIN,EXEMPT_NON_HUMAN_ANIMAL_STUDY,STRICT_ANONYMIZED_NO_PII,2026-09-30T04:26:35.774570+00:00,train
IMG-18A796423CD7,IMG-18A796423CD7.jpg,ANON-ANIMAL-6F4B6612,Goat,coughing; reduced appetite,Calf/Kid,Eastern Basin,ACCEPTABLE,Mild Distress,Mild Respiratory Distress,MEDIUM,PROJECT_SYNTHESIS_STANDIN,EXEMPT_NON_HUMAN_ANIMAL_STUDY,STRICT_ANONYMIZED_NO_PII,2026-09-30T04:26:35.795156+00:00,train
IMG-8F1BD92F5617,IMG-8F1BD92F5617.jpg,ANON-ANIMAL-785F3EC7,Buffalo,none,Young,Eastern Basin,ACCEPTABLE,Normal/Healthy,Healthy - No Action Needed,LOW,PROJECT_SYNTHESIS_STANDIN,EXEMPT_NON_HUMAN_ANIMAL_STUDY,STRICT_ANONYMIZED_NO_PII,2026-09-30T04:26:35.813311+00:00,train
IMG-FA0EA860927C,IMG-FA0EA860927C.jpg,ANON-ANIMAL-535FA30D,Cattle,fever; nasal discharge; skin changes; swelling,Calf/Kid,Southern Plains,ACCEPTABLE,Requires Expert Review,Suspected Acute Infectious Condition - Immediate Review,HIGH,PROJECT_SYNTHESIS_STANDIN,EXEMPT_NON_HUMAN_ANIMAL_STUDY,STRICT_ANONYMIZED_NO_PII,2026-09-30T04:26:35.831433+00:00,train
IMG-00AE446B110C,IMG-00AE446B110C.jpg,ANON-ANIMAL-C2356069,Buffalo,fever; nasal discharge; skin changes; swelling,Adult,Northern Valley,GOOD,Requires Expert Review,Suspected Acute Infectious Condition - Immediate Review,HIGH,PROJECT_SYNTHESIS_STANDIN,EXEMPT_NON_HUMAN_ANIMAL_STUDY,STRICT_ANONYMIZED_NO_PII,2026-09-30T04:26:35.849077+00:00,train
IMG-3310311BDDAB,IMG-3310311BDDAB.jpg,ANON-ANIMAL-B7A56873,Cattle,fever; nasal discharge; skin changes; swelling,Calf/Kid,Northern Valley,GOOD,Requires Expert Review,Suspected Acute Infectious Condition - Immediate Review,HIGH,PROJECT_SYNTHESIS_STANDIN,EXEMPT_NON_HUMAN_ANIMAL_STUDY,STRICT_ANONYMIZED_NO_PII,2026-09-30T04:26:35.865893+00:00,train
IMG-1B9B249EE15D,IMG-1B9B249EE15D.jpg,ANON-ANIMAL-5F9C4AB0,Sheep,coughing; reduced appetite,Calf/Kid,Northern Valley,GOOD,Mild Distress,Mild Respiratory Distress,MEDIUM,PROJECT_SYNTHESIS_STANDIN,EXEMPT_NON_HUMAN_ANIMAL_STUDY,STRICT_ANONYMIZED_NO_PII,2026-09-30T04:26:35.884098+00:00,train
IMG-F327B248E76D,IMG-F327B248E76D.jpg,ANON-ANIMAL-670671CD,Goat,coughing; reduced appetite,Calf/Kid,Southern Plains,POOR,Mild Distress,Mild Respiratory Distress,MEDIUM,PROJECT_SYNTHESIS_STANDIN,EXEMPT_NON_HUMAN_ANIMAL_STUDY,STRICT_ANONYMIZED_NO_PII,2026-09-30T04:26:35.906873+00:00,validation
IMG-1EFADB748FE8,IMG-1EFADB748FE8.jpg,ANON-ANIMAL-59E19706,Buffalo,fever; nasal discharge; skin changes; swelling,Senior,Southern Plains,GOOD,Requires Expert Review,Suspected Acute Infectious Condition - Immediate Review,HIGH,PROJECT_SYNTHESIS_STANDIN,EXEMPT_NON_HUMAN_ANIMAL_STUDY,STRICT_ANONYMIZED_NO_PII,2026-09-30T04:26:35.923999+00:00,train
IMG-9155C97F7848,IMG-9155C97F7848.jpg,ANON-ANIMAL-35135AAA,Buffalo,fever; nasal discharge; skin changes; swelling,Calf/Kid,Western Range,GOOD,Requires Expert Review,Suspected Acute Infectious Condition - Immediate Review,HIGH,PROJECT_SYNTHESIS_STANDIN,EXEMPT_NON_HUMAN_ANIMAL_STUDY,STRICT_ANONYMIZED_NO_PII,2026-09-30T04:26:35.940065+00:00,train
IMG-F5EE01CB6E7B,IMG-F5EE01CB6E7B.jpg,ANON-ANIMAL-624B60C5,Cattle,none,Young,Western Range,GOOD,Normal/Healthy,Healthy - No Action Needed,LOW,PROJECT_SYNTHESIS_STANDIN,EXEMPT_NON_HUMAN_ANIMAL_STUDY,STRICT_ANONYMIZED_NO_PII,2026-09-30T04:26:35.956720+00:00,train
IMG-A781912A584C,IMG-A781912A584C.jpg,ANON-ANIMAL-EB1E33E8,Sheep,none,Young,Southern Plains,GOOD,Normal/Healthy,Healthy - No Action Needed,LOW,PROJECT_SYNTHESIS_STANDIN,EXEMPT_NON_HUMAN_ANIMAL_STUDY,STRICT_ANONYMIZED_NO_PII,2026-09-30T04:26:35.972595+00:00,train
IMG-0225D6BEC64E,IMG-0225D6BEC64E.jpg,ANON-ANIMAL-E29C9C18,Buffalo,coughing; reduced appetite,Senior,Western Range,POOR,Mild Distress,Mild Respiratory Distress,MEDIUM,PROJECT_SYNTHESIS_STANDIN,EXEMPT_NON_HUMAN_ANIMAL_STUDY,STRICT_ANONYMIZED_NO_PII,2026-09-30T04:26:36.004288+00:00,train
IMG-CEDEC87B624A,IMG-CEDEC87B624A.jpg,ANON-ANIMAL-C6F3AC57,Cattle,coughing; reduced appetite,Senior,Western Range,ACCEPTABLE,Mild Distress,Mild Respiratory Distress,MEDIUM,PROJECT_SYNTHESIS_STANDIN,EXEMPT_NON_HUMAN_ANIMAL_STUDY,STRICT_ANONYMIZED_NO_PII,2026-09-30T04:26:36.024732+00:00,train
IMG-41A015BECE3B,IMG-41A015BECE3B.jpg,ANON-ANIMAL-86E50149,Cattle,none,Young,Northern Valley,GOOD,Normal/Healthy,Healthy - No Action Needed,LOW,PROJECT_SYNTHESIS_STANDIN,EXEMPT_NON_HUMAN_ANIMAL_STUDY,STRICT_ANONYMIZED_NO_PII,2026-09-30T04:26:36.040973+00:00,train
IMG-2AE20FD3AD1A,IMG-2AE20FD3AD1A.jpg,ANON-ANIMAL-9F14025A,Buffalo,coughing; reduced appetite,Senior,Highland Pasture,GOOD,Mild Distress,Mild Respiratory Distress,MEDIUM,PROJECT_SYNTHESIS_STANDIN,EXEMPT_NON_HUMAN_ANIMAL_STUDY,STRICT_ANONYMIZED_NO_PII,2026-09-30T04:26:36.055955+00:00,train
IMG-ACEC458349F8,IMG-ACEC458349F8.jpg,ANON-ANIMAL-76A50887,Sheep,coughing; reduced appetite,Calf/Kid,Eastern Basin,GOOD,Mild Distress,Mild Respiratory Distress,MEDIUM,PROJECT_SYNTHESIS_STANDIN,EXEMPT_NON_HUMAN_ANIMAL_STUDY,STRICT_ANONYMIZED_NO_PII,2026-09-30T04:26:36.075840+00:00,train
IMG-F041DDB9D781,IMG-F041DDB9D781.jpg,ANON-ANIMAL-7A61B537,Sheep,fever; nasal discharge; skin changes; swelling,Young,Western Range,ACCEPTABLE,Requires Expert Review,Suspected Acute Infectious Condition - Immediate Review,HIGH,PROJECT_SYNTHESIS_STANDIN,EXEMPT_NON_HUMAN_ANIMAL_STUDY,STRICT_ANONYMIZED_NO_PII,2026-09-30T04:26:36.095621+00:00,train
IMG-76A5C2D04D1F,IMG-76A5C2D04D1F.jpg,ANON-ANIMAL-AEA92132,Goat,coughing; reduced appetite,Senior,Northern Valley,GOOD,Mild Distress,Mild Respiratory Distress,MEDIUM,PROJECT_SYNTHESIS_STANDIN,EXEMPT_NON_HUMAN_ANIMAL_STUDY,STRICT_ANONYMIZED_NO_PII,2026-09-30T04:26:36.112351+00:00,validation
IMG-C7148B9710DC,IMG-C7148B9710DC.jpg,ANON-ANIMAL-0B918943,Sheep,none,Young,Southern Plains,GOOD,Normal/Healthy,Healthy - No Action Needed,LOW,PROJECT_SYNTHESIS_STANDIN,EXEMPT_NON_HUMAN_ANIMAL_STUDY,STRICT_ANONYMIZED_NO_PII,2026-09-30T04:26:36.129446+00:00,train
IMG-D05DD70285AA,IMG-D05DD70285AA.jpg,ANON-ANIMAL-5FECEB66,Sheep,none,Adult,Northern Valley,GOOD,Normal/Healthy,Healthy - No Action Needed,LOW,PROJECT_SYNTHESIS_STANDIN,EXEMPT_NON_HUMAN_ANIMAL_STUDY,STRICT_ANONYMIZED_NO_PII,2026-09-30T04:26:36.144983+00:00,validation
IMG-9EA9D9EB41DF,IMG-9EA9D9EB41DF.jpg,ANON-ANIMAL-6B86B273,Buffalo,none,Senior,Northern Valley,ACCEPTABLE,Normal/Healthy,Healthy - No Action Needed,LOW,PROJECT_SYNTHESIS_STANDIN,EXEMPT_NON_HUMAN_ANIMAL_STUDY,STRICT_ANONYMIZED_NO_PII,2026-09-30T04:26:36.163601+00:00,test
IMG-679844C54A00,IMG-679844C54A00.jpg,ANON-ANIMAL-D4735E3A,Cattle,coughing; reduced appetite,Young,Northern Valley,GOOD,Mild Distress,Mild Respiratory Distress,MEDIUM,PROJECT_SYNTHESIS_STANDIN,EXEMPT_NON_HUMAN_ANIMAL_STUDY,STRICT_ANONYMIZED_NO_PII,2026-09-30T04:26:36.182492+00:00,validation
IMG-EA83D9F0C52D,IMG-EA83D9F0C52D.jpg,ANON-ANIMAL-4E074085,Buffalo,none,Calf/Kid,Southern Plains,GOOD,Normal/Healthy,Healthy - No Action Needed,LOW,PROJECT_SYNTHESIS_STANDIN,EXEMPT_NON_HUMAN_ANIMAL_STUDY,STRICT_ANONYMIZED_NO_PII,2026-09-30T04:26:36.201213+00:00,train
IMG-70BED8F60BA2,IMG-70BED8F60BA2.jpg,ANON-ANIMAL-4B227777,Cattle,coughing; reduced appetite,Calf/Kid,Eastern Basin,GOOD,Mild Distress,Mild Respiratory Distress,MEDIUM,PROJECT_SYNTHESIS_STANDIN,EXEMPT_NON_HUMAN_ANIMAL_STUDY,STRICT_ANONYMIZED_NO_PII,2026-09-30T04:26:36.217819+00:00,train
IMG-2E1B44998CDB,IMG-2E1B44998CDB.jpg,ANON-ANIMAL-EF2D127D,Cattle,none,Adult,Northern Valley,GOOD,Normal/Healthy,Healthy - No Action Needed,LOW,PROJECT_SYNTHESIS_STANDIN,EXEMPT_NON_HUMAN_ANIMAL_STUDY,STRICT_ANONYMIZED_NO_PII,2026-09-30T04:26:36.232165+00:00,validation
IMG-40F51DD863B2,IMG-40F51DD863B2.jpg,ANON-ANIMAL-E7F6C011,Sheep,coughing; reduced appetite,Calf/Kid,Highland Pasture,ACCEPTABLE,Mild Distress,Mild Respiratory Distress,MEDIUM,PROJECT_SYNTHESIS_STANDIN,EXEMPT_NON_HUMAN_ANIMAL_STUDY,STRICT_ANONYMIZED_NO_PII,2026-09-30T04:26:36.247548+00:00,validation
IMG-1C6965739C30,IMG-1C6965739C30.jpg,ANON-ANIMAL-7902699B,Sheep,fever; nasal discharge; skin changes; swelling,Adult,Northern Valley,ACCEPTABLE,Requires Expert Review,Suspected Acute Infectious Condition - Immediate Review,HIGH,PROJECT_SYNTHESIS_STANDIN,EXEMPT_NON_HUMAN_ANIMAL_STUDY,STRICT_ANONYMIZED_NO_PII,2026-09-30T04:26:36.264613+00:00,test
IMG-EB280C522E4A,IMG-EB280C522E4A.jpg,ANON-ANIMAL-2C624232,Buffalo,coughing; reduced appetite,Adult,Western Range,GOOD,Mild Distress,Mild Respiratory Distress,MEDIUM,PROJECT_SYNTHESIS_STANDIN,EXEMPT_NON_HUMAN_ANIMAL_STUDY,STRICT_ANONYMIZED_NO_PII,2026-09-30T04:26:36.280366+00:00,test
IMG-2F428DB36FFD,IMG-2F428DB36FFD.jpg,ANON-ANIMAL-19581E27,Buffalo,fever; nasal discharge; skin changes; swelling,Adult,Northern Valley,POOR,Requires Expert Review,Suspected Acute Infectious Condition - Immediate Review,HIGH,PROJECT_SYNTHESIS_STANDIN,EXEMPT_NON_HUMAN_ANIMAL_STUDY,STRICT_ANONYMIZED_NO_PII,2026-09-30T04:26:36.303954+00:00,train
IMG-3C9765121627,IMG-3C9765121627.jpg,ANON-ANIMAL-4A44DC15,Buffalo,coughing; reduced appetite,Calf/Kid,Western Range,ACCEPTABLE,Mild Distress,Mild Respiratory Distress,MEDIUM,PROJECT_SYNTHESIS_STANDIN,EXEMPT_NON_HUMAN_ANIMAL_STUDY,STRICT_ANONYMIZED_NO_PII,2026-09-30T04:26:36.326702+00:00,train
IMG-D5526319D343,IMG-D5526319D343.jpg,ANON-ANIMAL-4FC82B26,Cattle,none,Calf/Kid,Northern Valley,GOOD,Normal/Healthy,Healthy - No Action Needed,LOW,PROJECT_SYNTHESIS_STANDIN,EXEMPT_NON_HUMAN_ANIMAL_STUDY,STRICT_ANONYMIZED_NO_PII,2026-09-30T04:26:36.344750+00:00,train
IMG-C85D60454BA5,IMG-C85D60454BA5.jpg,ANON-ANIMAL-6B51D431,Goat,fever; nasal discharge; skin changes; swelling,Young,Eastern Basin,GOOD,Requires Expert Review,Suspected Acute Infectious Condition - Immediate Review,HIGH,PROJECT_SYNTHESIS_STANDIN,EXEMPT_NON_HUMAN_ANIMAL_STUDY,STRICT_ANONYMIZED_NO_PII,2026-09-30T04:26:36.362414+00:00,train
IMG-C093AD3CCDF2,IMG-C093AD3CCDF2.jpg,ANON-ANIMAL-3FDBA35F,Buffalo,fever; nasal discharge; skin changes; swelling,Adult,Highland Pasture,GOOD,Requires Expert Review,Suspected Acute Infectious Condition - Immediate Review,HIGH,PROJECT_SYNTHESIS_STANDIN,EXEMPT_NON_HUMAN_ANIMAL_STUDY,STRICT_ANONYMIZED_NO_PII,2026-09-30T04:26:36.381609+00:00,train
IMG-083261D96A6C,IMG-083261D96A6C.jpg,ANON-ANIMAL-8527A891,Sheep,fever; nasal discharge; skin changes; swelling,Young,Western Range,POOR,Requires Expert Review,Suspected Acute Infectious Condition - Immediate Review,HIGH,PROJECT_SYNTHESIS_STANDIN,EXEMPT_NON_HUMAN_ANIMAL_STUDY,STRICT_ANONYMIZED_NO_PII,2026-09-30T04:26:36.400975+00:00,test
IMG-3E828B3A6A58,IMG-3E828B3A6A58.jpg,ANON-ANIMAL-E629FA65,Goat,coughing; reduced appetite,Young,Highland Pasture,GOOD,Mild Distress,Mild Respiratory Distress,MEDIUM,PROJECT_SYNTHESIS_STANDIN,EXEMPT_NON_HUMAN_ANIMAL_STUDY,STRICT_ANONYMIZED_NO_PII,2026-09-30T04:26:36.417393+00:00,test
IMG-D543E074358F,IMG-D543E074358F.jpg,ANON-ANIMAL-B17EF6D1,Cattle,coughing; reduced appetite,Adult,Northern Valley,GOOD,Mild Distress,Mild Respiratory Distress,MEDIUM,PROJECT_SYNTHESIS_STANDIN,EXEMPT_NON_HUMAN_ANIMAL_STUDY,STRICT_ANONYMIZED_NO_PII,2026-09-30T04:26:36.434762+00:00,train
IMG-F8EDB7ED0B8B,IMG-F8EDB7ED0B8B.jpg,ANON-ANIMAL-4523540F,Goat,coughing; reduced appetite,Senior,Northern Valley,GOOD,Mild Distress,Mild Respiratory Distress,MEDIUM,PROJECT_SYNTHESIS_STANDIN,EXEMPT_NON_HUMAN_ANIMAL_STUDY,STRICT_ANONYMIZED_NO_PII,2026-09-30T04:26:36.452149+00:00,test
IMG-6248606AF876,IMG-6248606AF876.jpg,ANON-ANIMAL-4EC9599F,Cattle,none,Senior,Northern Valley,GOOD,Normal/Healthy,Healthy - No Action Needed,LOW,PROJECT_SYNTHESIS_STANDIN,EXEMPT_NON_HUMAN_ANIMAL_STUDY,STRICT_ANONYMIZED_NO_PII,2026-09-30T04:26:36.470483+00:00,train
IMG-24FC629A0A5D,IMG-24FC629A0A5D.jpg,ANON-ANIMAL-9400F1B2,Goat,fever; nasal discharge; skin changes; swelling,Senior,Western Range,POOR,Requires Expert Review,Suspected Acute Infectious Condition - Immediate Review,HIGH,PROJECT_SYNTHESIS_STANDIN,EXEMPT_NON_HUMAN_ANIMAL_STUDY,STRICT_ANONYMIZED_NO_PII,2026-09-30T04:26:36.490628+00:00,train
IMG-396AB89B8BBF,IMG-396AB89B8BBF.jpg,ANON-ANIMAL-F5CA38F7,Cattle,fever; nasal discharge; skin changes; swelling,Adult,Highland Pasture,POOR,Requires Expert Review,Suspected Acute Infectious Condition - Immediate Review,HIGH,PROJECT_SYNTHESIS_STANDIN,EXEMPT_NON_HUMAN_ANIMAL_STUDY,STRICT_ANONYMIZED_NO_PII,2026-09-30T04:26:36.512224+00:00,train
IMG-809FEB1905CD,IMG-809FEB1905CD.jpg,ANON-ANIMAL-6F4B6612,Goat,none,Adult,Southern Plains,GOOD,Normal/Healthy,Healthy - No Action Needed,LOW,PROJECT_SYNTHESIS_STANDIN,EXEMPT_NON_HUMAN_ANIMAL_STUDY,STRICT_ANONYMIZED_NO_PII,2026-09-30T04:26:36.530030+00:00,train
IMG-C3C5D833E257,IMG-C3C5D833E257.jpg,ANON-ANIMAL-785F3EC7,Cattle,none,Adult,Eastern Basin,GOOD,Normal/Healthy,Healthy - No Action Needed,LOW,PROJECT_SYNTHESIS_STANDIN,EXEMPT_NON_HUMAN_ANIMAL_STUDY,STRICT_ANONYMIZED_NO_PII,2026-09-30T04:26:36.546762+00:00,train
IMG-05912A0A8FB9,IMG-05912A0A8FB9.jpg,ANON-ANIMAL-535FA30D,Sheep,coughing; reduced appetite,Adult,Eastern Basin,GOOD,Mild Distress,Mild Respiratory Distress,MEDIUM,PROJECT_SYNTHESIS_STANDIN,EXEMPT_NON_HUMAN_ANIMAL_STUDY,STRICT_ANONYMIZED_NO_PII,2026-09-30T04:26:36.565242+00:00,train
IMG-58AE5C6D1996,IMG-58AE5C6D1996.jpg,ANON-ANIMAL-C2356069,Buffalo,fever; nasal discharge; skin changes; swelling,Senior,Southern Plains,POOR,Requires Expert Review,Suspected Acute Infectious Condition - Immediate Review,HIGH,PROJECT_SYNTHESIS_STANDIN,EXEMPT_NON_HUMAN_ANIMAL_STUDY,STRICT_ANONYMIZED_NO_PII,2026-09-30T04:26:36.586632+00:00,train
IMG-3131E26882B7,IMG-3131E26882B7.jpg,ANON-ANIMAL-B7A56873,Buffalo,none,Adult,Western Range,GOOD,Normal/Healthy,Healthy - No Action Needed,LOW,PROJECT_SYNTHESIS_STANDIN,EXEMPT_NON_HUMAN_ANIMAL_STUDY,STRICT_ANONYMIZED_NO_PII,2026-09-30T04:26:36.602944+00:00,train
IMG-5704E487A25E,IMG-5704E487A25E.jpg,ANON-ANIMAL-5F9C4AB0,Goat,coughing; reduced appetite,Young,Eastern Basin,POOR,Mild Distress,Mild Respiratory Distress,MEDIUM,PROJECT_SYNTHESIS_STANDIN,EXEMPT_NON_HUMAN_ANIMAL_STUDY,STRICT_ANONYMIZED_NO_PII,2026-09-30T04:26:36.626058+00:00,train
IMG-DE5419B6F03F,IMG-DE5419B6F03F.jpg,ANON-ANIMAL-670671CD,Cattle,none,Calf/Kid,Eastern Basin,GOOD,Normal/Healthy,Healthy - No Action Needed,LOW,PROJECT_SYNTHESIS_STANDIN,EXEMPT_NON_HUMAN_ANIMAL_STUDY,STRICT_ANONYMIZED_NO_PII,2026-09-30T04:26:36.655904+00:00,validation
IMG-E814A2991DF6,IMG-E814A2991DF6.jpg,ANON-ANIMAL-59E19706,Sheep,none,Adult,Highland Pasture,GOOD,Normal/Healthy,Healthy - No Action Needed,LOW,PROJECT_SYNTHESIS_STANDIN,EXEMPT_NON_HUMAN_ANIMAL_STUDY,STRICT_ANONYMIZED_NO_PII,2026-09-30T04:26:36.674098+00:00,train
IMG-CF130D96C400,IMG-CF130D96C400.jpg,ANON-ANIMAL-35135AAA,Cattle,fever; nasal discharge; skin changes; swelling,Adult,Southern Plains,POOR,Requires Expert Review,Suspected Acute Infectious Condition - Immediate Review,HIGH,PROJECT_SYNTHESIS_STANDIN,EXEMPT_NON_HUMAN_ANIMAL_STUDY,STRICT_ANONYMIZED_NO_PII,2026-09-30T04:26:36.698768+00:00,train
IMG-C5AEC3EA6B79,IMG-C5AEC3EA6B79.jpg,ANON-ANIMAL-624B60C5,Buffalo,fever; nasal discharge; skin changes; swelling,Senior,Eastern Basin,GOOD,Requires Expert Review,Suspected Acute Infectious Condition - Immediate Review,HIGH,PROJECT_SYNTHESIS_STANDIN,EXEMPT_NON_HUMAN_ANIMAL_STUDY,STRICT_ANONYMIZED_NO_PII,2026-09-30T04:26:36.718730+00:00,train
IMG-970E5C7BC903,IMG-970E5C7BC903.jpg,ANON-ANIMAL-EB1E33E8,Sheep,none,Senior,Southern Plains,POOR,Normal/Healthy,Healthy - No Action Needed,LOW,PROJECT_SYNTHESIS_STANDIN,EXEMPT_NON_HUMAN_ANIMAL_STUDY,STRICT_ANONYMIZED_NO_PII,2026-09-30T04:26:36.742140+00:00,train
IMG-8D4D1FC1C14D,IMG-8D4D1FC1C14D.jpg,ANON-ANIMAL-E29C9C18,Goat,coughing; reduced appetite,Young,Western Range,GOOD,Mild Distress,Mild Respiratory Distress,MEDIUM,PROJECT_SYNTHESIS_STANDIN,EXEMPT_NON_HUMAN_ANIMAL_STUDY,STRICT_ANONYMIZED_NO_PII,2026-09-30T04:26:36.756787+00:00,train
IMG-8339BF325D4C,IMG-8339BF325D4C.jpg,ANON-ANIMAL-C6F3AC57,Goat,fever; nasal discharge; skin changes; swelling,Young,Southern Plains,ACCEPTABLE,Requires Expert Review,Suspected Acute Infectious Condition - Immediate Review,HIGH,PROJECT_SYNTHESIS_STANDIN,EXEMPT_NON_HUMAN_ANIMAL_STUDY,STRICT_ANONYMIZED_NO_PII,2026-09-30T04:26:36.771861+00:00,train
IMG-EED34027E250,IMG-EED34027E250.jpg,ANON-ANIMAL-86E50149,Buffalo,none,Young,Southern Plains,GOOD,Normal/Healthy,Healthy - No Action Needed,LOW,PROJECT_SYNTHESIS_STANDIN,EXEMPT_NON_HUMAN_ANIMAL_STUDY,STRICT_ANONYMIZED_NO_PII,2026-09-30T04:26:36.789357+00:00,train
IMG-B963BBDF80F3,IMG-B963BBDF80F3.jpg,ANON-ANIMAL-9F14025A,Buffalo,coughing; reduced appetite,Adult,Highland Pasture,GOOD,Mild Distress,Mild Respiratory Distress,MEDIUM,PROJECT_SYNTHESIS_STANDIN,EXEMPT_NON_HUMAN_ANIMAL_STUDY,STRICT_ANONYMIZED_NO_PII,2026-09-30T04:26:36.806056+00:00,train
IMG-245872A7AED9,IMG-245872A7AED9.jpg,ANON-ANIMAL-76A50887,Sheep,none,Senior,Eastern Basin,GOOD,Normal/Healthy,Healthy - No Action Needed,LOW,PROJECT_SYNTHESIS_STANDIN,EXEMPT_NON_HUMAN_ANIMAL_STUDY,STRICT_ANONYMIZED_NO_PII,2026-09-30T04:26:36.822408+00:00,train
IMG-7453DE2A5BFE,IMG-7453DE2A5BFE.jpg,ANON-ANIMAL-7A61B537,Goat,none,Young,Northern Valley,GOOD,Normal/Healthy,Healthy - No Action Needed,LOW,PROJECT_SYNTHESIS_STANDIN,EXEMPT_NON_HUMAN_ANIMAL_STUDY,STRICT_ANONYMIZED_NO_PII,2026-09-30T04:26:36.837820+00:00,train
IMG-3AA998816AEF,IMG-3AA998816AEF.jpg,ANON-ANIMAL-AEA92132,Sheep,none,Adult,Highland Pasture,GOOD,Normal/Healthy,Healthy - No Action Needed,LOW,PROJECT_SYNTHESIS_STANDIN,EXEMPT_NON_HUMAN_ANIMAL_STUDY,STRICT_ANONYMIZED_NO_PII,2026-09-30T04:26:36.854369+00:00,validation
IMG-2F83DC699657,IMG-2F83DC699657.jpg,ANON-ANIMAL-0B918943,Buffalo,coughing; reduced appetite,Senior,Northern Valley,GOOD,Mild Distress,Mild Respiratory Distress,MEDIUM,PROJECT_SYNTHESIS_STANDIN,EXEMPT_NON_HUMAN_ANIMAL_STUDY,STRICT_ANONYMIZED_NO_PII,2026-09-30T04:26:36.869771+00:00,train
