image_id,filename,animal_id,species,symptoms,animal_stage,location_region,image_quality,target_class,expert_label,risk_level,source_type,consent_status,anonymization_status,created_at
IMG-C36556EBC817,IMG-C36556EBC817.jpg,ANON-ANIMAL-5FECEB66,Cattle,none,Adult,Eastern Basin,GOOD,Normal/Healthy,Healthy - No Action Needed,LOW,PROJECT_SYNTHESIS_STANDIN,EXEMPT_NON_HUMAN_ANIMAL_STUDY,STRICT_ANONYMIZED_NO_PII,2026-09-30T04:26:15.276361+00:00
IMG-71C0D4B44772,IMG-71C0D4B44772.jpg,ANON-ANIMAL-6B86B273,Cattle,none,Adult,Northern Valley,ACCEPTABLE,Normal/Healthy,Healthy - No Action Needed,LOW,PROJECT_SYNTHESIS_STANDIN,EXEMPT_NON_HUMAN_ANIMAL_STUDY,STRICT_ANONYMIZED_NO_PII,2026-09-30T04:26:15.293424+00:00
IMG-EB32CB2F86B9,IMG-EB32CB2F86B9.jpg,ANON-ANIMAL-D4735E3A,Buffalo,fever; nasal discharge; skin changes; swelling,Adult,Highland Pasture,GOOD,Requires Expert Review,Suspected Acute Infectious Condition - Immediate Review,HIGH,PROJECT_SYNTHESIS_STANDIN,EXEMPT_NON_HUMAN_ANIMAL_STUDY,STRICT_ANONYMIZED_NO_PII,2026-09-30T04:26:15.308759+00:00
IMG-238F07A4C2FC,IMG-238F07A4C2FC.jpg,ANON-ANIMAL-4E074085,Buffalo,none,Calf/Kid,Southern Plains,GOOD,Normal/Healthy,Healthy - No Action Needed,LOW,PROJECT_SYNTHESIS_STANDIN,EXEMPT_NON_HUMAN_ANIMAL_STUDY,STRICT_ANONYMIZED_NO_PII,2026-09-30T04:26:15.323826+00:00
IMG-FC658977046C,IMG-FC658977046C.jpg,ANON-ANIMAL-4B227777,Goat,coughing; reduced appetite,Senior,Eastern Basin,GOOD,Mild Distress,Mild Respiratory Distress,MEDIUM,PROJECT_SYNTHESIS_STANDIN,EXEMPT_NON_HUMAN_ANIMAL_STUDY,STRICT_ANONYMIZED_NO_PII,2026-09-30T04:26:15.340627+00:00
IMG-BD658CCB4F6F,IMG-BD658CCB4F6F.jpg,ANON-ANIMAL-EF2D127D,Goat,coughing; reduced appetite,Young,Northern Valley,GOOD,Mild Distress,Mild Respiratory Distress,MEDIUM,PROJECT_SYNTHESIS_STANDIN,EXEMPT_NON_HUMAN_ANIMAL_STUDY,STRICT_ANONYMIZED_NO_PII,2026-09-30T04:26:15.355218+00:00
IMG-633FDAF12C9C,IMG-633FDAF12C9C.jpg,ANON-ANIMAL-E7F6C011,Sheep,fever; nasal discharge; skin changes; swelling,Young,Eastern Basin,ACCEPTABLE,Requires Expert Review,Suspected Acute Infectious Condition - Immediate Review,HIGH,PROJECT_SYNTHESIS_STANDIN,EXEMPT_NON_HUMAN_ANIMAL_STUDY,STRICT_ANONYMIZED_NO_PII,2026-09-30T04:26:15.370221+00:00
IMG-F583D0AD9531,IMG-F583D0AD9531.jpg,ANON-ANIMAL-7902699B,Cattle,coughing; reduced appetite,Calf/Kid,Western Range,GOOD,Mild Distress,Mild Respiratory Distress,MEDIUM,PROJECT_SYNTHESIS_STANDIN,EXEMPT_NON_HUMAN_ANIMAL_STUDY,STRICT_ANONYMIZED_NO_PII,2026-09-30T04:26:15.384552+00:00
IMG-461B9C276F4C,IMG-461B9C276F4C.jpg,ANON-ANIMAL-2C624232,Buffalo,fever; nasal discharge; skin changes; swelling,Senior,Eastern Basin,GOOD,Requires Expert Review,Suspected Acute Infectious Condition - Immediate Review,HIGH,PROJECT_SYNTHESIS_STANDIN,EXEMPT_NON_HUMAN_ANIMAL_STUDY,STRICT_ANONYMIZED_NO_PII,2026-09-30T04:26:15.401553+00:00
IMG-6A3D39887BED,IMG-6A3D39887BED.jpg,ANON-ANIMAL-19581E27,Buffalo,coughing; reduced appetite,Calf/Kid,Eastern Basin,GOOD,Mild Distress,Mild Respiratory Distress,MEDIUM,PROJECT_SYNTHESIS_STANDIN,EXEMPT_NON_HUMAN_ANIMAL_STUDY,STRICT_ANONYMIZED_NO_PII,2026-09-30T04:26:15.417029+00:00
IMG-9372CF45FAF4,IMG-9372CF45FAF4.jpg,ANON-ANIMAL-4A44DC15,Buffalo,none,Calf/Kid,Western Range,GOOD,Normal/Healthy,Healthy - No Action Needed,LOW,PROJECT_SYNTHESIS_STANDIN,EXEMPT_NON_HUMAN_ANIMAL_STUDY,STRICT_ANONYMIZED_NO_PII,2026-09-30T04:26:15.431994+00:00
IMG-21FE0274D148,IMG-21FE0274D148.jpg,ANON-ANIMAL-4FC82B26,Cattle,fever; nasal discharge; skin changes; swelling,Young,Southern Plains,GOOD,Requires Expert Review,Suspected Acute Infectious Condition - Immediate Review,HIGH,PROJECT_SYNTHESIS_STANDIN,EXEMPT_NON_HUMAN_ANIMAL_STUDY,STRICT_ANONYMIZED_NO_PII,2026-09-30T04:26:15.451829+00:00
IMG-D4EA7CD86A6F,IMG-D4EA7CD86A6F.jpg,ANON-ANIMAL-6B51D431,Sheep,none,Young,Southern Plains,GOOD,Normal/Healthy,Healthy - No Action Needed,LOW,PROJECT_SYNTHESIS_STANDIN,EXEMPT_NON_HUMAN_ANIMAL_STUDY,STRICT_ANONYMIZED_NO_PII,2026-09-30T04:26:15.467896+00:00
IMG-F17805E22435,IMG-F17805E22435.jpg,ANON-ANIMAL-3FDBA35F,Sheep,coughing; reduced appetite,Young,Western Range,GOOD,Mild Distress,Mild Respiratory Distress,MEDIUM,PROJECT_SYNTHESIS_STANDIN,EXEMPT_NON_HUMAN_ANIMAL_STUDY,STRICT_ANONYMIZED_NO_PII,2026-09-30T04:26:15.483474+00:00
IMG-63B649C3D2FA,IMG-63B649C3D2FA.jpg,ANON-ANIMAL-8527A891,Cattle,fever; nasal discharge; skin changes; swelling,Senior,Eastern Basin,GOOD,Requires Expert Review,Suspected Acute Infectious Condition - Immediate Review,HIGH,PROJECT_SYNTHESIS_STANDIN,EXEMPT_NON_HUMAN_ANIMAL_STUDY,STRICT_ANONYMIZED_NO_PII,2026-09-30T04:26:15.498255+00:00
IMG-4D23D755E6A2,IMG-4D23D755E6A2.jpg,ANON-ANIMAL-E629FA65,Cattle,fever; nasal discharge; skin changes; swelling,Young,Southern Plains,POOR,Requires Expert Review,Suspected Acute Infectious Condition - Immediate Review,HIGH,PROJECT_SYNTHESIS_STANDIN,EXEMPT_NON_HUMAN_ANIMAL_STUDY,STRICT_ANONYMIZED_NO_PII,2026-09-30T04:26:15.534751+00:00
IMG-BC01DA403211,IMG-BC01DA403211.jpg,ANON-ANIMAL-B17EF6D1,Sheep,none,Adult,Highland Pasture,GOOD,Normal/Healthy,Healthy - No Action Needed,LOW,PROJECT_SYNTHESIS_STANDIN,EXEMPT_NON_HUMAN_ANIMAL_STUDY,STRICT_ANONYMIZED_NO_PII,2026-09-30T04:26:15.553082+00:00
IMG-F193504BCC97,IMG-F193504BCC97.jpg,ANON-ANIMAL-4523540F,Sheep,fever; nasal discharge; skin changes; swelling,Young,Highland Pasture,GOOD,Requires Expert Review,Suspected Acute Infectious Condition - Immediate Review,HIGH,PROJECT_SYNTHESIS_STANDIN,EXEMPT_NON_HUMAN_ANIMAL_STUDY,STRICT_ANONYMIZED_NO_PII,2026-09-30T04:26:15.568167+00:00
IMG-16948CA307B5,IMG-16948CA307B5.jpg,ANON-ANIMAL-4EC9599F,Buffalo,coughing; reduced appetite,Senior,Eastern Basin,GOOD,Mild Distress,Mild Respiratory Distress,MEDIUM,PROJECT_SYNTHESIS_STANDIN,EXEMPT_NON_HUMAN_ANIMAL_STUDY,STRICT_ANONYMIZED_NO_PII,2026-09-30T04:26:15.584249+00:00
IMG-0669D09B65E7,IMG-0669D09B65E7.jpg,ANON-ANIMAL-9400F1B2,Goat,coughing; reduced appetite,Calf/Kid,Southern Plains,GOOD,Mild Distress,Mild Respiratory Distress,MEDIUM,PROJECT_SYNTHESIS_STANDIN,EXEMPT_NON_HUMAN_ANIMAL_STUDY,STRICT_ANONYMIZED_NO_PII,2026-09-30T04:26:15.601616+00:00
IMG-8FB8F148AB9B,IMG-8FB8F148AB9B.jpg,ANON-ANIMAL-F5CA38F7,Goat,fever; nasal discharge; skin changes; swelling,Adult,Eastern Basin,GOOD,Requires Expert Review,Suspected Acute Infectious Condition - Immediate Review,HIGH,PROJECT_SYNTHESIS_STANDIN,EXEMPT_NON_HUMAN_ANIMAL_STUDY,STRICT_ANONYMIZED_NO_PII,2026-09-30T04:26:15.619417+00:00
IMG-96EB29FFAFF0,IMG-96EB29FFAFF0.jpg,ANON-ANIMAL-6F4B6612,Cattle,coughing; reduced appetite,Adult,Southern Plains,GOOD,Mild Distress,Mild Respiratory Distress,MEDIUM,PROJECT_SYNTHESIS_STANDIN,EXEMPT_NON_HUMAN_ANIMAL_STUDY,STRICT_ANONYMIZED_NO_PII,2026-09-30T04:26:15.633471+00:00
IMG-5BE1B57C0BA4,IMG-5BE1B57C0BA4.jpg,ANON-ANIMAL-785F3EC7,Goat,coughing; reduced appetite,Senior,Western Range,GOOD,Mild Distress,Mild Respiratory Distress,MEDIUM,PROJECT_SYNTHESIS_STANDIN,EXEMPT_NON_HUMAN_ANIMAL_STUDY,STRICT_ANONYMIZED_NO_PII,2026-09-30T04:26:15.647653+00:00
IMG-72C934562FEF,IMG-72C934562FEF.jpg,ANON-ANIMAL-535FA30D,Goat,coughing; reduced appetite,Senior,Southern Plains,ACCEPTABLE,Mild Distress,Mild Respiratory Distress,MEDIUM,PROJECT_SYNTHESIS_STANDIN,EXEMPT_NON_HUMAN_ANIMAL_STUDY,STRICT_ANONYMIZED_NO_PII,2026-09-30T04:26:15.668361+00:00
IMG-4BD1FE1EF37A,IMG-4BD1FE1EF37A.jpg,ANON-ANIMAL-C2356069,Cattle,coughing; reduced appetite,Adult,Southern Plains,POOR,Mild Distress,Mild Respiratory Distress,MEDIUM,PROJECT_SYNTHESIS_STANDIN,EXEMPT_NON_HUMAN_ANIMAL_STUDY,STRICT_ANONYMIZED_NO_PII,2026-09-30T04:26:15.686962+00:00
IMG-B3D8DC05F5D9,IMG-B3D8DC05F5D9.jpg,ANON-ANIMAL-B7A56873,Goat,none,Young,Northern Valley,GOOD,Normal/Healthy,Healthy - No Action Needed,LOW,PROJECT_SYNTHESIS_STANDIN,EXEMPT_NON_HUMAN_ANIMAL_STUDY,STRICT_ANONYMIZED_NO_PII,2026-09-30T04:26:15.703068+00:00
IMG-AD88E59A463B,IMG-AD88E59A463B.jpg,ANON-ANIMAL-5F9C4AB0,Goat,fever; nasal discharge; skin changes; swelling,Senior,Highland Pasture,ACCEPTABLE,Requires Expert Review,Suspected Acute Infectious Condition - Immediate Review,HIGH,PROJECT_SYNTHESIS_STANDIN,EXEMPT_NON_HUMAN_ANIMAL_STUDY,STRICT_ANONYMIZED_NO_PII,2026-09-30T04:26:15.718845+00:00
IMG-A2A484820783,IMG-A2A484820783.jpg,ANON-ANIMAL-670671CD,Cattle,fever; nasal discharge; skin changes; swelling,Senior,Highland Pasture,ACCEPTABLE,Requires Expert Review,Suspected Acute Infectious Condition - Immediate Review,HIGH,PROJECT_SYNTHESIS_STANDIN,EXEMPT_NON_HUMAN_ANIMAL_STUDY,STRICT_ANONYMIZED_NO_PII,2026-09-30T04:26:15.733579+00:00
IMG-1087BD8DF0B3,IMG-1087BD8DF0B3.jpg,ANON-ANIMAL-59E19706,Sheep,none,Young,Northern Valley,GOOD,Normal/Healthy,Healthy - No Action Needed,LOW,PROJECT_SYNTHESIS_STANDIN,EXEMPT_NON_HUMAN_ANIMAL_STUDY,STRICT_ANONYMIZED_NO_PII,2026-09-30T04:26:15.747885+00:00
IMG-12A58DB249D3,IMG-12A58DB249D3.jpg,ANON-ANIMAL-35135AAA,Cattle,none,Calf/Kid,Southern Plains,GOOD,Normal/Healthy,Healthy - No Action Needed,LOW,PROJECT_SYNTHESIS_STANDIN,EXEMPT_NON_HUMAN_ANIMAL_STUDY,STRICT_ANONYMIZED_NO_PII,2026-09-30T04:26:15.761735+00:00
IMG-74611F0574EE,IMG-74611F0574EE.jpg,ANON-ANIMAL-624B60C5,Goat,coughing; reduced appetite,Calf/Kid,Highland Pasture,GOOD,Mild Distress,Mild Respiratory Distress,MEDIUM,PROJECT_SYNTHESIS_STANDIN,EXEMPT_NON_HUMAN_ANIMAL_STUDY,STRICT_ANONYMIZED_NO_PII,2026-09-30T04:26:15.779525+00:00
IMG-58DBFC23BDE3,IMG-58DBFC23BDE3.jpg,ANON-ANIMAL-EB1E33E8,Buffalo,coughing; reduced appetite,Adult,Eastern Basin,ACCEPTABLE,Mild Distress,Mild Respiratory Distress,MEDIUM,PROJECT_SYNTHESIS_STANDIN,EXEMPT_NON_HUMAN_ANIMAL_STUDY,STRICT_ANONYMIZED_NO_PII,2026-09-30T04:26:15.811975+00:00
IMG-485C6217BB10,IMG-485C6217BB10.jpg,ANON-ANIMAL-E29C9C18,Goat,none,Calf/Kid,Eastern Basin,GOOD,Normal/Healthy,Healthy - No Action Needed,LOW,PROJECT_SYNTHESIS_STANDIN,EXEMPT_NON_HUMAN_ANIMAL_STUDY,STRICT_ANONYMIZED_NO_PII,2026-09-30T04:26:15.830192+00:00
IMG-4E01A1F43FBE,IMG-4E01A1F43FBE.jpg,ANON-ANIMAL-C6F3AC57,Goat,coughing; reduced appetite,Young,Highland Pasture,POOR,Mild Distress,Mild Respiratory Distress,MEDIUM,PROJECT_SYNTHESIS_STANDIN,EXEMPT_NON_HUMAN_ANIMAL_STUDY,STRICT_ANONYMIZED_NO_PII,2026-09-30T04:26:15.850898+00:00
IMG-F0E8495677FC,IMG-F0E8495677FC.jpg,ANON-ANIMAL-86E50149,Sheep,none,Senior,Highland Pasture,GOOD,Normal/Healthy,Healthy - No Action Needed,LOW,PROJECT_SYNTHESIS_STANDIN,EXEMPT_NON_HUMAN_ANIMAL_STUDY,STRICT_ANONYMIZED_NO_PII,2026-09-30T04:26:15.866483+00:00
IMG-9ED3F8590F66,IMG-9ED3F8590F66.jpg,ANON-ANIMAL-9F14025A,Buffalo,coughing; reduced appetite,Senior,Eastern Basin,ACCEPTABLE,Mild Distress,Mild Respiratory Distress,MEDIUM,PROJECT_SYNTHESIS_STANDIN,EXEMPT_NON_HUMAN_ANIMAL_STUDY,STRICT_ANONYMIZED_NO_PII,2026-09-30T04:26:15.881722+00:00
IMG-5B11CFD591FE,IMG-5B11CFD591FE.jpg,ANON-ANIMAL-76A50887,Sheep,none,Adult,Eastern Basin,GOOD,Normal/Healthy,Healthy - No Action Needed,LOW,PROJECT_SYNTHESIS_STANDIN,EXEMPT_NON_HUMAN_ANIMAL_STUDY,STRICT_ANONYMIZED_NO_PII,2026-09-30T04:26:15.897718+00:00
IMG-A195B937BB45,IMG-A195B937BB45.jpg,ANON-ANIMAL-7A61B537,Sheep,none,Senior,Southern Plains,GOOD,Normal/Healthy,Healthy - No Action Needed,LOW,PROJECT_SYNTHESIS_STANDIN,EXEMPT_NON_HUMAN_ANIMAL_STUDY,STRICT_ANONYMIZED_NO_PII,2026-09-30T04:26:15.912594+00:00
IMG-8EDA46EC9FE6,IMG-8EDA46EC9FE6.jpg,ANON-ANIMAL-AEA92132,Sheep,coughing; reduced appetite,Senior,Highland Pasture,ACCEPTABLE,Mild Distress,Mild Respiratory Distress,MEDIUM,PROJECT_SYNTHESIS_STANDIN,EXEMPT_NON_HUMAN_ANIMAL_STUDY,STRICT_ANONYMIZED_NO_PII,2026-09-30T04:26:15.928800+00:00
IMG-1A170A74936E,IMG-1A170A74936E.jpg,ANON-ANIMAL-0B918943,Goat,fever; nasal discharge; skin changes; swelling,Young,Northern Valley,GOOD,Requires Expert Review,Suspected Acute Infectious Condition - Immediate Review,HIGH,PROJECT_SYNTHESIS_STANDIN,EXEMPT_NON_HUMAN_ANIMAL_STUDY,STRICT_ANONYMIZED_NO_PII,2026-09-30T04:26:15.943314+00:00
IMG-936D4820B657,IMG-936D4820B657.jpg,ANON-ANIMAL-5FECEB66,Sheep,fever; nasal discharge; skin changes; swelling,Senior,Southern Plains,GOOD,Requires Expert Review,Suspected Acute Infectious Condition - Immediate Review,HIGH,PROJECT_SYNTHESIS_STANDIN,EXEMPT_NON_HUMAN_ANIMAL_STUDY,STRICT_ANONYMIZED_NO_PII,2026-09-30T04:26:15.959621+00:00
IMG-DC2780F097B6,IMG-DC2780F097B6.jpg,ANON-ANIMAL-6B86B273,Goat,coughing; reduced appetite,Senior,Highland Pasture,GOOD,Mild Distress,Mild Respiratory Distress,MEDIUM,PROJECT_SYNTHESIS_STANDIN,EXEMPT_NON_HUMAN_ANIMAL_STUDY,STRICT_ANONYMIZED_NO_PII,2026-09-30T04:26:15.975123+00:00
IMG-195C4DBF14C0,IMG-195C4DBF14C0.jpg,ANON-ANIMAL-D4735E3A,Sheep,fever; nasal discharge; skin changes; swelling,Senior,Western Range,GOOD,Requires Expert Review,Suspected Acute Infectious Condition - Immediate Review,HIGH,PROJECT_SYNTHESIS_STANDIN,EXEMPT_NON_HUMAN_ANIMAL_STUDY,STRICT_ANONYMIZED_NO_PII,2026-09-30T04:26:15.989764+00:00
IMG-83E67F80F7CB,IMG-83E67F80F7CB.jpg,ANON-ANIMAL-4E074085,Cattle,fever; nasal discharge; skin changes; swelling,Calf/Kid,Western Range,ACCEPTABLE,Requires Expert Review,Suspected Acute Infectious Condition - Immediate Review,HIGH,PROJECT_SYNTHESIS_STANDIN,EXEMPT_NON_HUMAN_ANIMAL_STUDY,STRICT_ANONYMIZED_NO_PII,2026-09-30T04:26:16.006704+00:00
IMG-8D1B7692F246,IMG-8D1B7692F246.jpg,ANON-ANIMAL-4B227777,Buffalo,fever; nasal discharge; skin changes; swelling,Calf/Kid,Northern Valley,GOOD,Requires Expert Review,Suspected Acute Infectious Condition - Immediate Review,HIGH,PROJECT_SYNTHESIS_STANDIN,EXEMPT_NON_HUMAN_ANIMAL_STUDY,STRICT_ANONYMIZED_NO_PII,2026-09-30T04:26:16.022955+00:00
IMG-6C7DA514CD6E,IMG-6C7DA514CD6E.jpg,ANON-ANIMAL-EF2D127D,Sheep,fever; nasal discharge; skin changes; swelling,Adult,Southern Plains,ACCEPTABLE,Requires Expert Review,Suspected Acute Infectious Condition - Immediate Review,HIGH,PROJECT_SYNTHESIS_STANDIN,EXEMPT_NON_HUMAN_ANIMAL_STUDY,STRICT_ANONYMIZED_NO_PII,2026-09-30T04:26:16.044016+00:00
IMG-EFCD9EF0AC20,IMG-EFCD9EF0AC20.jpg,ANON-ANIMAL-E7F6C011,Buffalo,none,Senior,Northern Valley,ACCEPTABLE,Normal/Healthy,Healthy - No Action Needed,LOW,PROJECT_SYNTHESIS_STANDIN,EXEMPT_NON_HUMAN_ANIMAL_STUDY,STRICT_ANONYMIZED_NO_PII,2026-09-30T04:26:16.060277+00:00
IMG-CE23800BCD81,IMG-CE23800BCD81.jpg,ANON-ANIMAL-7902699B,Sheep,coughing; reduced appetite,Calf/Kid,Northern Valley,POOR,Mild Distress,Mild Respiratory Distress,MEDIUM,PROJECT_SYNTHESIS_STANDIN,EXEMPT_NON_HUMAN_ANIMAL_STUDY,STRICT_ANONYMIZED_NO_PII,2026-09-30T04:26:16.084268+00:00
IMG-BEAF021C5A08,IMG-BEAF021C5A08.jpg,ANON-ANIMAL-2C624232,Goat,none,Senior,Western Range,GOOD,Normal/Healthy,Healthy - No Action Needed,LOW,PROJECT_SYNTHESIS_STANDIN,EXEMPT_NON_HUMAN_ANIMAL_STUDY,STRICT_ANONYMIZED_NO_PII,2026-09-30T04:26:16.100696+00:00
IMG-DA1A8ECA2EB8,IMG-DA1A8ECA2EB8.jpg,ANON-ANIMAL-19581E27,Sheep,none,Adult,Western Range,ACCEPTABLE,Normal/Healthy,Healthy - No Action Needed,LOW,PROJECT_SYNTHESIS_STANDIN,EXEMPT_NON_HUMAN_ANIMAL_STUDY,STRICT_ANONYMIZED_NO_PII,2026-09-30T04:26:16.117535+00:00
IMG-0539EBD0408B,IMG-0539EBD0408B.jpg,ANON-ANIMAL-4A44DC15,Sheep,fever; nasal discharge; skin changes; swelling,Calf/Kid,Northern Valley,GOOD,Requires Expert Review,Suspected Acute Infectious Condition - Immediate Review,HIGH,PROJECT_SYNTHESIS_STANDIN,EXEMPT_NON_HUMAN_ANIMAL_STUDY,STRICT_ANONYMIZED_NO_PII,2026-09-30T04:26:16.142671+00:00
IMG-6B79EA3F624C,IMG-6B79EA3F624C.jpg,ANON-ANIMAL-4FC82B26,Cattle,coughing; reduced appetite,Adult,Southern Plains,GOOD,Mild Distress,Mild Respiratory Distress,MEDIUM,PROJECT_SYNTHESIS_STANDIN,EXEMPT_NON_HUMAN_ANIMAL_STUDY,STRICT_ANONYMIZED_NO_PII,2026-09-30T04:26:16.158099+00:00
IMG-C82548AB8C1F,IMG-C82548AB8C1F.jpg,ANON-ANIMAL-6B51D431,Cattle,none,Young,Western Range,POOR,Normal/Healthy,Healthy - No Action Needed,LOW,PROJECT_SYNTHESIS_STANDIN,EXEMPT_NON_HUMAN_ANIMAL_STUDY,STRICT_ANONYMIZED_NO_PII,2026-09-30T04:26:16.180837+00:00
IMG-C18749E0CB4D,IMG-C18749E0CB4D.jpg,ANON-ANIMAL-3FDBA35F,Cattle,coughing; reduced appetite,Young,Highland Pasture,GOOD,Mild Distress,Mild Respiratory Distress,MEDIUM,PROJECT_SYNTHESIS_STANDIN,EXEMPT_NON_HUMAN_ANIMAL_STUDY,STRICT_ANONYMIZED_NO_PII,2026-09-30T04:26:16.199135+00:00
IMG-F47497DE6282,IMG-F47497DE6282.jpg,ANON-ANIMAL-8527A891,Sheep,fever; nasal discharge; skin changes; swelling,Adult,Western Range,GOOD,Requires Expert Review,Suspected Acute Infectious Condition - Immediate Review,HIGH,PROJECT_SYNTHESIS_STANDIN,EXEMPT_NON_HUMAN_ANIMAL_STUDY,STRICT_ANONYMIZED_NO_PII,2026-09-30T04:26:16.217625+00:00
IMG-EF3D8BB3426F,IMG-EF3D8BB3426F.jpg,ANON-ANIMAL-E629FA65,Sheep,none,Senior,Highland Pasture,POOR,Normal/Healthy,Healthy - No Action Needed,LOW,PROJECT_SYNTHESIS_STANDIN,EXEMPT_NON_HUMAN_ANIMAL_STUDY,STRICT_ANONYMIZED_NO_PII,2026-09-30T04:26:16.243693+00:00
IMG-4634B4B95AA2,IMG-4634B4B95AA2.jpg,ANON-ANIMAL-B17EF6D1,Goat,coughing; reduced appetite,Adult,Highland Pasture,GOOD,Mild Distress,Mild Respiratory Distress,MEDIUM,PROJECT_SYNTHESIS_STANDIN,EXEMPT_NON_HUMAN_ANIMAL_STUDY,STRICT_ANONYMIZED_NO_PII,2026-09-30T04:26:16.261704+00:00
IMG-CBC2FE6779BE,IMG-CBC2FE6779BE.jpg,ANON-ANIMAL-4523540F,Buffalo,coughing; reduced appetite,Senior,Northern Valley,GOOD,Mild Distress,Mild Respiratory Distress,MEDIUM,PROJECT_SYNTHESIS_STANDIN,EXEMPT_NON_HUMAN_ANIMAL_STUDY,STRICT_ANONYMIZED_NO_PII,2026-09-30T04:26:16.293741+00:00
IMG-334962B134FE,IMG-334962B134FE.jpg,ANON-ANIMAL-4EC9599F,Cattle,coughing; reduced appetite,Young,Southern Plains,POOR,Mild Distress,Mild Respiratory Distress,MEDIUM,PROJECT_SYNTHESIS_STANDIN,EXEMPT_NON_HUMAN_ANIMAL_STUDY,STRICT_ANONYMIZED_NO_PII,2026-09-30T04:26:16.317315+00:00
IMG-E28D6A8C306E,IMG-E28D6A8C306E.jpg,ANON-ANIMAL-9400F1B2,Buffalo,fever; nasal discharge; skin changes; swelling,Senior,Highland Pasture,ACCEPTABLE,Requires Expert Review,Suspected Acute Infectious Condition - Immediate Review,HIGH,PROJECT_SYNTHESIS_STANDIN,EXEMPT_NON_HUMAN_ANIMAL_STUDY,STRICT_ANONYMIZED_NO_PII,2026-09-30T04:26:16.334604+00:00
IMG-0058ECC8093E,IMG-0058ECC8093E.jpg,ANON-ANIMAL-F5CA38F7,Buffalo,none,Calf/Kid,Highland Pasture,GOOD,Normal/Healthy,Healthy - No Action Needed,LOW,PROJECT_SYNTHESIS_STANDIN,EXEMPT_NON_HUMAN_ANIMAL_STUDY,STRICT_ANONYMIZED_NO_PII,2026-09-30T04:26:16.352378+00:00
IMG-C22BA01B3AF8,IMG-C22BA01B3AF8.jpg,ANON-ANIMAL-6F4B6612,Goat,coughing; reduced appetite,Calf/Kid,Eastern Basin,ACCEPTABLE,Mild Distress,Mild Respiratory Distress,MEDIUM,PROJECT_SYNTHESIS_STANDIN,EXEMPT_NON_HUMAN_ANIMAL_STUDY,STRICT_ANONYMIZED_NO_PII,2026-09-30T04:26:16.368038+00:00
IMG-19EBA1E2A9E7,IMG-19EBA1E2A9E7.jpg,ANON-ANIMAL-785F3EC7,Buffalo,none,Young,Eastern Basin,ACCEPTABLE,Normal/Healthy,Healthy - No Action Needed,LOW,PROJECT_SYNTHESIS_STANDIN,EXEMPT_NON_HUMAN_ANIMAL_STUDY,STRICT_ANONYMIZED_NO_PII,2026-09-30T04:26:16.387194+00:00
IMG-09BA8ECC5A7E,IMG-09BA8ECC5A7E.jpg,ANON-ANIMAL-535FA30D,Cattle,fever; nasal discharge; skin changes; swelling,Calf/Kid,Southern Plains,ACCEPTABLE,Requires Expert Review,Suspected Acute Infectious Condition - Immediate Review,HIGH,PROJECT_SYNTHESIS_STANDIN,EXEMPT_NON_HUMAN_ANIMAL_STUDY,STRICT_ANONYMIZED_NO_PII,2026-09-30T04:26:16.403182+00:00
IMG-918273F7CF4E,IMG-918273F7CF4E.jpg,ANON-ANIMAL-C2356069,Buffalo,fever; nasal discharge; skin changes; swelling,Adult,Northern Valley,GOOD,Requires Expert Review,Suspected Acute Infectious Condition - Immediate Review,HIGH,PROJECT_SYNTHESIS_STANDIN,EXEMPT_NON_HUMAN_ANIMAL_STUDY,STRICT_ANONYMIZED_NO_PII,2026-09-30T04:26:16.423771+00:00
IMG-9773B845C197,IMG-9773B845C197.jpg,ANON-ANIMAL-B7A56873,Cattle,fever; nasal discharge; skin changes; swelling,Calf/Kid,Northern Valley,GOOD,Requires Expert Review,Suspected Acute Infectious Condition - Immediate Review,HIGH,PROJECT_SYNTHESIS_STANDIN,EXEMPT_NON_HUMAN_ANIMAL_STUDY,STRICT_ANONYMIZED_NO_PII,2026-09-30T04:26:16.448682+00:00
IMG-8D1DE964A92A,IMG-8D1DE964A92A.jpg,ANON-ANIMAL-5F9C4AB0,Sheep,coughing; reduced appetite,Calf/Kid,Northern Valley,GOOD,Mild Distress,Mild Respiratory Distress,MEDIUM,PROJECT_SYNTHESIS_STANDIN,EXEMPT_NON_HUMAN_ANIMAL_STUDY,STRICT_ANONYMIZED_NO_PII,2026-09-30T04:26:16.469835+00:00
IMG-CEDF2F5B8F0F,IMG-CEDF2F5B8F0F.jpg,ANON-ANIMAL-670671CD,Goat,coughing; reduced appetite,Calf/Kid,Southern Plains,POOR,Mild Distress,Mild Respiratory Distress,MEDIUM,PROJECT_SYNTHESIS_STANDIN,EXEMPT_NON_HUMAN_ANIMAL_STUDY,STRICT_ANONYMIZED_NO_PII,2026-09-30T04:26:16.498701+00:00
IMG-466D69CAABDD,IMG-466D69CAABDD.jpg,ANON-ANIMAL-59E19706,Buffalo,fever; nasal discharge; skin changes; swelling,Senior,Southern Plains,GOOD,Requires Expert Review,Suspected Acute Infectious Condition - Immediate Review,HIGH,PROJECT_SYNTHESIS_STANDIN,EXEMPT_NON_HUMAN_ANIMAL_STUDY,STRICT_ANONYMIZED_NO_PII,2026-09-30T04:26:16.520084+00:00
IMG-55DAAB08EE7A,IMG-55DAAB08EE7A.jpg,ANON-ANIMAL-35135AAA,Buffalo,fever; nasal discharge; skin changes; swelling,Calf/Kid,Western Range,GOOD,Requires Expert Review,Suspected Acute Infectious Condition - Immediate Review,HIGH,PROJECT_SYNTHESIS_STANDIN,EXEMPT_NON_HUMAN_ANIMAL_STUDY,STRICT_ANONYMIZED_NO_PII,2026-09-30T04:26:16.549505+00:00
IMG-3A6F33946FB1,IMG-3A6F33946FB1.jpg,ANON-ANIMAL-624B60C5,Cattle,none,Young,Western Range,GOOD,Normal/Healthy,Healthy - No Action Needed,LOW,PROJECT_SYNTHESIS_STANDIN,EXEMPT_NON_HUMAN_ANIMAL_STUDY,STRICT_ANONYMIZED_NO_PII,2026-09-30T04:26:16.599101+00:00
IMG-05C0C106D7DC,IMG-05C0C106D7DC.jpg,ANON-ANIMAL-EB1E33E8,Sheep,none,Young,Southern Plains,GOOD,Normal/Healthy,Healthy - No Action Needed,LOW,PROJECT_SYNTHESIS_STANDIN,EXEMPT_NON_HUMAN_ANIMAL_STUDY,STRICT_ANONYMIZED_NO_PII,2026-09-30T04:26:16.640130+00:00
IMG-B1E10BA25AE0,IMG-B1E10BA25AE0.jpg,ANON-ANIMAL-E29C9C18,Buffalo,coughing; reduced appetite,Senior,Western Range,POOR,Mild Distress,Mild Respiratory Distress,MEDIUM,PROJECT_SYNTHESIS_STANDIN,EXEMPT_NON_HUMAN_ANIMAL_STUDY,STRICT_ANONYMIZED_NO_PII,2026-09-30T04:26:16.666577+00:00
IMG-5E8B5966881C,IMG-5E8B5966881C.jpg,ANON-ANIMAL-C6F3AC57,Cattle,coughing; reduced appetite,Senior,Western Range,ACCEPTABLE,Mild Distress,Mild Respiratory Distress,MEDIUM,PROJECT_SYNTHESIS_STANDIN,EXEMPT_NON_HUMAN_ANIMAL_STUDY,STRICT_ANONYMIZED_NO_PII,2026-09-30T04:26:16.683067+00:00
IMG-A3D77F454A26,IMG-A3D77F454A26.jpg,ANON-ANIMAL-86E50149,Cattle,none,Young,Northern Valley,GOOD,Normal/Healthy,Healthy - No Action Needed,LOW,PROJECT_SYNTHESIS_STANDIN,EXEMPT_NON_HUMAN_ANIMAL_STUDY,STRICT_ANONYMIZED_NO_PII,2026-09-30T04:26:16.700656+00:00
IMG-1F51D18CCC22,IMG-1F51D18CCC22.jpg,ANON-ANIMAL-9F14025A,Buffalo,coughing; reduced appetite,Senior,Highland Pasture,GOOD,Mild Distress,Mild Respiratory Distress,MEDIUM,PROJECT_SYNTHESIS_STANDIN,EXEMPT_NON_HUMAN_ANIMAL_STUDY,STRICT_ANONYMIZED_NO_PII,2026-09-30T04:26:16.717916+00:00
IMG-5705D7239182,IMG-5705D7239182.jpg,ANON-ANIMAL-76A50887,Sheep,coughing; reduced appetite,Calf/Kid,Eastern Basin,GOOD,Mild Distress,Mild Respiratory Distress,MEDIUM,PROJECT_SYNTHESIS_STANDIN,EXEMPT_NON_HUMAN_ANIMAL_STUDY,STRICT_ANONYMIZED_NO_PII,2026-09-30T04:26:16.735903+00:00
IMG-4C2F7B1B3B2E,IMG-4C2F7B1B3B2E.jpg,ANON-ANIMAL-7A61B537,Sheep,fever; nasal discharge; skin changes; swelling,Young,Western Range,ACCEPTABLE,Requires Expert Review,Suspected Acute Infectious Condition - Immediate Review,HIGH,PROJECT_SYNTHESIS_STANDIN,EXEMPT_NON_HUMAN_ANIMAL_STUDY,STRICT_ANONYMIZED_NO_PII,2026-09-30T04:26:16.761546+00:00
IMG-4BD1E9DBA480,IMG-4BD1E9DBA480.jpg,ANON-ANIMAL-AEA92132,Goat,coughing; reduced appetite,Senior,Northern Valley,GOOD,Mild Distress,Mild Respiratory Distress,MEDIUM,PROJECT_SYNTHESIS_STANDIN,EXEMPT_NON_HUMAN_ANIMAL_STUDY,STRICT_ANONYMIZED_NO_PII,2026-09-30T04:26:16.779442+00:00
IMG-0F06679D0FB5,IMG-0F06679D0FB5.jpg,ANON-ANIMAL-0B918943,Sheep,none,Young,Southern Plains,GOOD,Normal/Healthy,Healthy - No Action Needed,LOW,PROJECT_SYNTHESIS_STANDIN,EXEMPT_NON_HUMAN_ANIMAL_STUDY,STRICT_ANONYMIZED_NO_PII,2026-09-30T04:26:16.796152+00:00
IMG-85F075D8B833,IMG-85F075D8B833.jpg,ANON-ANIMAL-5FECEB66,Sheep,none,Adult,Northern Valley,GOOD,Normal/Healthy,Healthy - No Action Needed,LOW,PROJECT_SYNTHESIS_STANDIN,EXEMPT_NON_HUMAN_ANIMAL_STUDY,STRICT_ANONYMIZED_NO_PII,2026-09-30T04:26:16.826684+00:00
IMG-ED2649224096,IMG-ED2649224096.jpg,ANON-ANIMAL-6B86B273,Buffalo,none,Senior,Northern Valley,ACCEPTABLE,Normal/Healthy,Healthy - No Action Needed,LOW,PROJECT_SYNTHESIS_STANDIN,EXEMPT_NON_HUMAN_ANIMAL_STUDY,STRICT_ANONYMIZED_NO_PII,2026-09-30T04:26:16.843269+00:00
IMG-4B4A1682E9A5,IMG-4B4A1682E9A5.jpg,ANON-ANIMAL-D4735E3A,Cattle,coughing; reduced appetite,Young,Northern Valley,GOOD,Mild Distress,Mild Respiratory Distress,MEDIUM,PROJECT_SYNTHESIS_STANDIN,EXEMPT_NON_HUMAN_ANIMAL_STUDY,STRICT_ANONYMIZED_NO_PII,2026-09-30T04:26:16.862993+00:00
IMG-51D70E267B9E,IMG-51D70E267B9E.jpg,ANON-ANIMAL-4E074085,Buffalo,none,Calf/Kid,Southern Plains,GOOD,Normal/Healthy,Healthy - No Action Needed,LOW,PROJECT_SYNTHESIS_STANDIN,EXEMPT_NON_HUMAN_ANIMAL_STUDY,STRICT_ANONYMIZED_NO_PII,2026-09-30T04:26:16.879255+00:00
IMG-2DA8D2DAFB2F,IMG-2DA8D2DAFB2F.jpg,ANON-ANIMAL-4B227777,Cattle,coughing; reduced appetite,Calf/Kid,Eastern Basin,GOOD,Mild Distress,Mild Respiratory Distress,MEDIUM,PROJECT_SYNTHESIS_STANDIN,EXEMPT_NON_HUMAN_ANIMAL_STUDY,STRICT_ANONYMIZED_NO_PII,2026-09-30T04:26:16.895629+00:00
IMG-92652ABF781C,IMG-92652ABF781C.jpg,ANON-ANIMAL-EF2D127D,Cattle,none,Adult,Northern Valley,GOOD,Normal/Healthy,Healthy - No Action Needed,LOW,PROJECT_SYNTHESIS_STANDIN,EXEMPT_NON_HUMAN_ANIMAL_STUDY,STRICT_ANONYMIZED_NO_PII,2026-09-30T04:26:16.916124+00:00
IMG-B41F581EFA4E,IMG-B41F581EFA4E.jpg,ANON-ANIMAL-E7F6C011,Sheep,coughing; reduced appetite,Calf/Kid,Highland Pasture,ACCEPTABLE,Mild Distress,Mild Respiratory Distress,MEDIUM,PROJECT_SYNTHESIS_STANDIN,EXEMPT_NON_HUMAN_ANIMAL_STUDY,STRICT_ANONYMIZED_NO_PII,2026-09-30T04:26:16.933676+00:00
IMG-D7EBFA2EACB9,IMG-D7EBFA2EACB9.jpg,ANON-ANIMAL-7902699B,Sheep,fever; nasal discharge; skin changes; swelling,Adult,Northern Valley,ACCEPTABLE,Requires Expert Review,Suspected Acute Infectious Condition - Immediate Review,HIGH,PROJECT_SYNTHESIS_STANDIN,EXEMPT_NON_HUMAN_ANIMAL_STUDY,STRICT_ANONYMIZED_NO_PII,2026-09-30T04:26:16.950831+00:00
IMG-D2A45FCA2209,IMG-D2A45FCA2209.jpg,ANON-ANIMAL-2C624232,Buffalo,coughing; reduced appetite,Adult,Western Range,GOOD,Mild Distress,Mild Respiratory Distress,MEDIUM,PROJECT_SYNTHESIS_STANDIN,EXEMPT_NON_HUMAN_ANIMAL_STUDY,STRICT_ANONYMIZED_NO_PII,2026-09-30T04:26:16.965859+00:00
IMG-B7CCCAD81A94,IMG-B7CCCAD81A94.jpg,ANON-ANIMAL-19581E27,Buffalo,fever; nasal discharge; skin changes; swelling,Adult,Northern Valley,POOR,Requires Expert Review,Suspected Acute Infectious Condition - Immediate Review,HIGH,PROJECT_SYNTHESIS_STANDIN,EXEMPT_NON_HUMAN_ANIMAL_STUDY,STRICT_ANONYMIZED_NO_PII,2026-09-30T04:26:16.986519+00:00
IMG-F880A1051113,IMG-F880A1051113.jpg,ANON-ANIMAL-4A44DC15,Buffalo,coughing; reduced appetite,Calf/Kid,Western Range,ACCEPTABLE,Mild Distress,Mild Respiratory Distress,MEDIUM,PROJECT_SYNTHESIS_STANDIN,EXEMPT_NON_HUMAN_ANIMAL_STUDY,STRICT_ANONYMIZED_NO_PII,2026-09-30T04:26:17.002186+00:00
IMG-517631CCBEFA,IMG-517631CCBEFA.jpg,ANON-ANIMAL-4FC82B26,Cattle,none,Calf/Kid,Northern Valley,GOOD,Normal/Healthy,Healthy - No Action Needed,LOW,PROJECT_SYNTHESIS_STANDIN,EXEMPT_NON_HUMAN_ANIMAL_STUDY,STRICT_ANONYMIZED_NO_PII,2026-09-30T04:26:17.021757+00:00
IMG-811FBC2D44DB,IMG-811FBC2D44DB.jpg,ANON-ANIMAL-6B51D431,Goat,fever; nasal discharge; skin changes; swelling,Young,Eastern Basin,GOOD,Requires Expert Review,Suspected Acute Infectious Condition - Immediate Review,HIGH,PROJECT_SYNTHESIS_STANDIN,EXEMPT_NON_HUMAN_ANIMAL_STUDY,STRICT_ANONYMIZED_NO_PII,2026-09-30T04:26:17.040521+00:00
IMG-4F7BE22ADC4C,IMG-4F7BE22ADC4C.jpg,ANON-ANIMAL-3FDBA35F,Buffalo,fever; nasal discharge; skin changes; swelling,Adult,Highland Pasture,GOOD,Requires Expert Review,Suspected Acute Infectious Condition - Immediate Review,HIGH,PROJECT_SYNTHESIS_STANDIN,EXEMPT_NON_HUMAN_ANIMAL_STUDY,STRICT_ANONYMIZED_NO_PII,2026-09-30T04:26:17.062324+00:00
IMG-E7411587DC8C,IMG-E7411587DC8C.jpg,ANON-ANIMAL-8527A891,Sheep,fever; nasal discharge; skin changes; swelling,Young,Western Range,POOR,Requires Expert Review,Suspected Acute Infectious Condition - Immediate Review,HIGH,PROJECT_SYNTHESIS_STANDIN,EXEMPT_NON_HUMAN_ANIMAL_STUDY,STRICT_ANONYMIZED_NO_PII,2026-09-30T04:26:17.080319+00:00
IMG-4402036A8728,IMG-4402036A8728.jpg,ANON-ANIMAL-E629FA65,Goat,coughing; reduced appetite,Young,Highland Pasture,GOOD,Mild Distress,Mild Respiratory Distress,MEDIUM,PROJECT_SYNTHESIS_STANDIN,EXEMPT_NON_HUMAN_ANIMAL_STUDY,STRICT_ANONYMIZED_NO_PII,2026-09-30T04:26:17.095820+00:00
IMG-0DCA454DD710,IMG-0DCA454DD710.jpg,ANON-ANIMAL-B17EF6D1,Cattle,coughing; reduced appetite,Adult,Northern Valley,GOOD,Mild Distress,Mild Respiratory Distress,MEDIUM,PROJECT_SYNTHESIS_STANDIN,EXEMPT_NON_HUMAN_ANIMAL_STUDY,STRICT_ANONYMIZED_NO_PII,2026-09-30T04:26:17.111222+00:00
IMG-834785326354,IMG-834785326354.jpg,ANON-ANIMAL-4523540F,Goat,coughing; reduced appetite,Senior,Northern Valley,GOOD,Mild Distress,Mild Respiratory Distress,MEDIUM,PROJECT_SYNTHESIS_STANDIN,EXEMPT_NON_HUMAN_ANIMAL_STUDY,STRICT_ANONYMIZED_NO_PII,2026-09-30T04:26:17.129263+00:00
IMG-C14073F70D42,IMG-C14073F70D42.jpg,ANON-ANIMAL-4EC9599F,Cattle,none,Senior,Northern Valley,GOOD,Normal/Healthy,Healthy - No Action Needed,LOW,PROJECT_SYNTHESIS_STANDIN,EXEMPT_NON_HUMAN_ANIMAL_STUDY,STRICT_ANONYMIZED_NO_PII,2026-09-30T04:26:17.144334+00:00
IMG-89A207EFF39C,IMG-89A207EFF39C.jpg,ANON-ANIMAL-9400F1B2,Goat,fever; nasal discharge; skin changes; swelling,Senior,Western Range,POOR,Requires Expert Review,Suspected Acute Infectious Condition - Immediate Review,HIGH,PROJECT_SYNTHESIS_STANDIN,EXEMPT_NON_HUMAN_ANIMAL_STUDY,STRICT_ANONYMIZED_NO_PII,2026-09-30T04:26:17.166750+00:00
IMG-7A7C4571C4DA,IMG-7A7C4571C4DA.jpg,ANON-ANIMAL-F5CA38F7,Cattle,fever; nasal discharge; skin changes; swelling,Adult,Highland Pasture,POOR,Requires Expert Review,Suspected Acute Infectious Condition - Immediate Review,HIGH,PROJECT_SYNTHESIS_STANDIN,EXEMPT_NON_HUMAN_ANIMAL_STUDY,STRICT_ANONYMIZED_NO_PII,2026-09-30T04:26:17.189970+00:00
IMG-3F47DF28B480,IMG-3F47DF28B480.jpg,ANON-ANIMAL-6F4B6612,Goat,none,Adult,Southern Plains,GOOD,Normal/Healthy,Healthy - No Action Needed,LOW,PROJECT_SYNTHESIS_STANDIN,EXEMPT_NON_HUMAN_ANIMAL_STUDY,STRICT_ANONYMIZED_NO_PII,2026-09-30T04:26:17.205470+00:00
IMG-E88750901ADE,IMG-E88750901ADE.jpg,ANON-ANIMAL-785F3EC7,Cattle,none,Adult,Eastern Basin,GOOD,Normal/Healthy,Healthy - No Action Needed,LOW,PROJECT_SYNTHESIS_STANDIN,EXEMPT_NON_HUMAN_ANIMAL_STUDY,STRICT_ANONYMIZED_NO_PII,2026-09-30T04:26:17.219520+00:00
IMG-0E09BDA3ABC7,IMG-0E09BDA3ABC7.jpg,ANON-ANIMAL-535FA30D,Sheep,coughing; reduced appetite,Adult,Eastern Basin,GOOD,Mild Distress,Mild Respiratory Distress,MEDIUM,PROJECT_SYNTHESIS_STANDIN,EXEMPT_NON_HUMAN_ANIMAL_STUDY,STRICT_ANONYMIZED_NO_PII,2026-09-30T04:26:17.234954+00:00
IMG-A33D73144A9E,IMG-A33D73144A9E.jpg,ANON-ANIMAL-C2356069,Buffalo,fever; nasal discharge; skin changes; swelling,Senior,Southern Plains,POOR,Requires Expert Review,Suspected Acute Infectious Condition - Immediate Review,HIGH,PROJECT_SYNTHESIS_STANDIN,EXEMPT_NON_HUMAN_ANIMAL_STUDY,STRICT_ANONYMIZED_NO_PII,2026-09-30T04:26:17.258339+00:00
IMG-5A733E123056,IMG-5A733E123056.jpg,ANON-ANIMAL-B7A56873,Buffalo,none,Adult,Western Range,GOOD,Normal/Healthy,Healthy - No Action Needed,LOW,PROJECT_SYNTHESIS_STANDIN,EXEMPT_NON_HUMAN_ANIMAL_STUDY,STRICT_ANONYMIZED_NO_PII,2026-09-30T04:26:17.277081+00:00
IMG-BE904EEC264A,IMG-BE904EEC264A.jpg,ANON-ANIMAL-5F9C4AB0,Goat,coughing; reduced appetite,Young,Eastern Basin,POOR,Mild Distress,Mild Respiratory Distress,MEDIUM,PROJECT_SYNTHESIS_STANDIN,EXEMPT_NON_HUMAN_ANIMAL_STUDY,STRICT_ANONYMIZED_NO_PII,2026-09-30T04:26:17.298304+00:00
IMG-510099AB8280,IMG-510099AB8280.jpg,ANON-ANIMAL-670671CD,Cattle,none,Calf/Kid,Eastern Basin,GOOD,Normal/Healthy,Healthy - No Action Needed,LOW,PROJECT_SYNTHESIS_STANDIN,EXEMPT_NON_HUMAN_ANIMAL_STUDY,STRICT_ANONYMIZED_NO_PII,2026-09-30T04:26:17.316456+00:00
IMG-C96A89C8180F,IMG-C96A89C8180F.jpg,ANON-ANIMAL-59E19706,Sheep,none,Adult,Highland Pasture,GOOD,Normal/Healthy,Healthy - No Action Needed,LOW,PROJECT_SYNTHESIS_STANDIN,EXEMPT_NON_HUMAN_ANIMAL_STUDY,STRICT_ANONYMIZED_NO_PII,2026-09-30T04:26:17.332835+00:00
IMG-771EA2347E26,IMG-771EA2347E26.jpg,ANON-ANIMAL-35135AAA,Cattle,fever; nasal discharge; skin changes; swelling,Adult,Southern Plains,POOR,Requires Expert Review,Suspected Acute Infectious Condition - Immediate Review,HIGH,PROJECT_SYNTHESIS_STANDIN,EXEMPT_NON_HUMAN_ANIMAL_STUDY,STRICT_ANONYMIZED_NO_PII,2026-09-30T04:26:17.376704+00:00
IMG-57C27622C696,IMG-57C27622C696.jpg,ANON-ANIMAL-624B60C5,Buffalo,fever; nasal discharge; skin changes; swelling,Senior,Eastern Basin,GOOD,Requires Expert Review,Suspected Acute Infectious Condition - Immediate Review,HIGH,PROJECT_SYNTHESIS_STANDIN,EXEMPT_NON_HUMAN_ANIMAL_STUDY,STRICT_ANONYMIZED_NO_PII,2026-09-30T04:26:17.392405+00:00
IMG-51029FB77BC8,IMG-51029FB77BC8.jpg,ANON-ANIMAL-EB1E33E8,Sheep,none,Senior,Southern Plains,POOR,Normal/Healthy,Healthy - No Action Needed,LOW,PROJECT_SYNTHESIS_STANDIN,EXEMPT_NON_HUMAN_ANIMAL_STUDY,STRICT_ANONYMIZED_NO_PII,2026-09-30T04:26:17.414881+00:00
IMG-6D280740EB27,IMG-6D280740EB27.jpg,ANON-ANIMAL-E29C9C18,Goat,coughing; reduced appetite,Young,Western Range,GOOD,Mild Distress,Mild Respiratory Distress,MEDIUM,PROJECT_SYNTHESIS_STANDIN,EXEMPT_NON_HUMAN_ANIMAL_STUDY,STRICT_ANONYMIZED_NO_PII,2026-09-30T04:26:17.430748+00:00
IMG-5DA53781AB03,IMG-5DA53781AB03.jpg,ANON-ANIMAL-C6F3AC57,Goat,fever; nasal discharge; skin changes; swelling,Young,Southern Plains,ACCEPTABLE,Requires Expert Review,Suspected Acute Infectious Condition - Immediate Review,HIGH,PROJECT_SYNTHESIS_STANDIN,EXEMPT_NON_HUMAN_ANIMAL_STUDY,STRICT_ANONYMIZED_NO_PII,2026-09-30T04:26:17.448270+00:00
IMG-19E4812FA0FD,IMG-19E4812FA0FD.jpg,ANON-ANIMAL-86E50149,Buffalo,none,Young,Southern Plains,GOOD,Normal/Healthy,Healthy - No Action Needed,LOW,PROJECT_SYNTHESIS_STANDIN,EXEMPT_NON_HUMAN_ANIMAL_STUDY,STRICT_ANONYMIZED_NO_PII,2026-09-30T04:26:17.470403+00:00
IMG-3576C0FB77AA,IMG-3576C0FB77AA.jpg,ANON-ANIMAL-9F14025A,Buffalo,coughing; reduced appetite,Adult,Highland Pasture,GOOD,Mild Distress,Mild Respiratory Distress,MEDIUM,PROJECT_SYNTHESIS_STANDIN,EXEMPT_NON_HUMAN_ANIMAL_STUDY,STRICT_ANONYMIZED_NO_PII,2026-09-30T04:26:17.485828+00:00
IMG-EF1928F4B86B,IMG-EF1928F4B86B.jpg,ANON-ANIMAL-76A50887,Sheep,none,Senior,Eastern Basin,GOOD,Normal/Healthy,Healthy - No Action Needed,LOW,PROJECT_SYNTHESIS_STANDIN,EXEMPT_NON_HUMAN_ANIMAL_STUDY,STRICT_ANONYMIZED_NO_PII,2026-09-30T04:26:17.501435+00:00
IMG-EC17CD6F0CDE,IMG-EC17CD6F0CDE.jpg,ANON-ANIMAL-7A61B537,Goat,none,Young,Northern Valley,GOOD,Normal/Healthy,Healthy - No Action Needed,LOW,PROJECT_SYNTHESIS_STANDIN,EXEMPT_NON_HUMAN_ANIMAL_STUDY,STRICT_ANONYMIZED_NO_PII,2026-09-30T04:26:17.517317+00:00
IMG-9E3E0FA3285F,IMG-9E3E0FA3285F.jpg,ANON-ANIMAL-AEA92132,Sheep,none,Adult,Highland Pasture,GOOD,Normal/Healthy,Healthy - No Action Needed,LOW,PROJECT_SYNTHESIS_STANDIN,EXEMPT_NON_HUMAN_ANIMAL_STUDY,STRICT_ANONYMIZED_NO_PII,2026-09-30T04:26:17.532106+00:00
IMG-FCDD9B847D01,IMG-FCDD9B847D01.jpg,ANON-ANIMAL-0B918943,Buffalo,coughing; reduced appetite,Senior,Northern Valley,GOOD,Mild Distress,Mild Respiratory Distress,MEDIUM,PROJECT_SYNTHESIS_STANDIN,EXEMPT_NON_HUMAN_ANIMAL_STUDY,STRICT_ANONYMIZED_NO_PII,2026-09-30T04:26:17.549795+00:00
